count_named_entities,count_number_date_time,future_tense,subjectivity
0,0,0,0
1,1,0,0
3,1,0,0
2,0,0,0
1,0,0,0
1,1,0,0
0,0,0,0
0,1,0,0
1,0,0,0
0,0,0,0
1,0,0,0
1,3,0,0
0,1,0,0
1,0,0,0
1,0,0,0
0,0,0,0
1,0,0,0
0,0,0,0
1,0,0,0
0,0,0,0
0,0,0,0
0,0,0,0
2,0,0,0
0,0,0,0
1,0,0,0
0,0,0,0
0,1,0,0
2,0,0,0
0,0,0,0
0,1,0,0
3,0,0,0
0,0,0,0
0,0,0,0
1,0,0,0
1,0,0,0
3,0,0,0
1,0,0,0
0,0,0,0
0,0,0,0
1,0,0,0
0,0,0,0
3,0,0,0
0,0,0,0
0,0,0,0
1,0,0,0
1,1,0,0
0,0,0,0
0,0,0,0
1,0,0,0
0,0,0,0
1,0,0,0
0,0,0,0
1,0,0,0
0,0,0,0
0,0,0,0
1,0,0,0
0,0,0,0
0,0,0,0
0,0,0,0
1,1,0,0
0,0,0,0
0,1,0,0
2,1,0,0
3,0,0,0
1,0,0,0
1,0,0,0
1,1,0,0
0,0,0,0
0,0,0,0
1,0,0,0
0,0,0,0
0,0,0,0
1,0,0,0
2,0,0,0
0,0,0,0
1,0,0,0
1,0,0,0
0,0,0,0
1,0,0,0
4,2,0,0
1,0,0,0
0,0,0,0
0,0,0,0
1,0,0,0
0,0,0,0
0,0,0,0
0,2,0,0
0,0,0,0
0,1,0,0
1,1,0,0
0,1,0,0
1,0,0,0
0,0,0,0
0,0,0,0
0,0,0,0
0,0,0,0
0,0,0,0
0,0,0,0
0,0,0,0
1,0,0,0
0,0,0,0
0,0,0,0
0,0,0,0
1,0,0,0
1,0,0,0
0,0,0,0
1,0,0,0
0,0,0,0
0,1,0,0
1,0,0,0
0,0,0,0
0,0,0,0
0,0,0,0
0,1,0,0
0,0,0,0
0,0,0,0
0,0,0,0
0,0,0,0
1,0,0,0
1,0,0,0
0,0,0,0
1,0,0,0
0,0,0,0
3,1,0,0
4,1,0,0
3,0,0,0
1,0,0,0
1,0,0,0
0,0,0,0
0,0,0,0
0,0,0,0
1,0,0,0
2,0,0,0
0,0,0,0
0,0,0,0
0,0,0,0
1,0,0,0
1,1,0,0
2,0,0,0
0,0,0,0
0,0,0,0
2,0,0,0
0,0,0,0
1,1,0,0
1,0,0,0
0,0,0,0
1,0,0,0
4,0,0,0
2,0,0,0
1,0,0,0
0,0,0,0
3,1,0,0
0,1,0,0
2,0,0,0
0,0,0,0
2,0,0,0
1,1,0,0
0,1,0,0
0,0,0,0
2,0,0,0
2,0,0,0
0,1,0,0
0,0,0,0
0,0,0,0
2,0,0,0
1,3,0,0
1,0,0,0
0,0,0,0
0,0,0,0
1,0,0,0
1,0,0,0
1,1,0,0
1,0,0,0
2,0,0,0
1,0,0,0
0,0,0,0
0,0,0,0
0,0,0,0
3,0,0,0
0,0,0,0
1,0,0,0
0,0,0,0
2,0,0,0
5,0,0,0
2,0,0,0
0,0,0,0
0,0,0,0
0,1,0,0
3,1,0,0
0,0,0,0
3,0,0,0
0,2,0,0
2,0,0,0
1,0,0,0
1,0,0,0
0,0,0,0
0,0,0,0
0,0,0,0
0,0,0,0
1,0,0,0
0,0,0,0
2,0,0,0
1,0,0,0
0,0,0,0
1,0,0,0
0,0,0,0
0,0,0,0
1,0,0,0
1,0,0,0
1,0,0,0
1,2,0,0
1,0,0,0
0,0,0,0
0,0,0,0
6,2,0,0
0,1,0,0
2,0,0,0
0,0,0,0
0,0,0,0
1,0,0,0
1,0,0,0
1,0,0,0
1,0,0,0
2,1,0,0
0,0,0,0
0,0,0,0
2,0,0,0
0,0,0,0
0,1,0,0
1,0,0,0
0,0,0,0
0,0,0,0
4,0,0,0
0,1,0,0
0,0,0,0
2,0,0,0
0,0,0,0
0,1,0,0
0,0,0,0
0,0,0,0
0,0,0,0
1,0,0,0
1,1,0,0
0,0,0,0
1,0,0,0
1,0,0,0
0,0,0,0
1,0,0,0
1,0,0,0
0,0,0,0
0,0,0,0
1,0,0,0
1,0,0,0
1,0,0,0
0,0,0,0
1,0,0,0
0,0,0,0
0,1,0,0
0,0,0,0
0,0,0,0
0,1,0,0
8,1,0,0
0,0,0,0
1,0,0,0
1,0,0,0
0,0,0,0
1,0,0,0
1,0,0,0
2,0,0,0
0,0,0,0
0,0,0,0
2,0,0,0
0,0,0,0
0,0,0,0
1,0,0,0
0,0,0,0
0,1,0,0
1,0,0,0
2,2,0,0
1,0,0,0
2,0,0,0
1,0,0,0
1,1,0,0
0,0,0,0
0,0,0,0
1,0,0,0
0,1,0,0
0,0,0,0
1,0,0,0
4,1,0,0
1,0,0,0
0,1,0,0
0,0,0,0
0,0,0,0
1,0,0,0
2,1,0,0
0,0,0,0
2,0,0,0
1,0,0,0
0,0,0,0
0,0,0,0
2,0,0,0
0,0,0,0
0,0,0,0
0,0,0,0
0,0,0,0
1,0,0,0
0,0,0,0
0,0,0,0
1,0,0,0
0,0,0,0
0,0,0,0
1,0,0,0
2,0,0,0
0,0,0,0
0,1,0,0
0,0,0,0
4,0,0,0
0,0,0,0
0,0,0,0
0,0,0,0
1,0,0,0
0,0,0,0
1,1,0,0
0,0,0,0
0,0,0,0
0,0,0,0
0,0,0,0
0,0,0,0
0,0,0,0
1,1,0,0
0,0,0,0
0,1,0,0
1,1,0,0
2,0,0,0
0,0,0,0
0,0,0,0
1,0,0,0
0,0,0,0
2,0,0,0
1,0,0,0
0,0,0,0
0,0,0,0
4,0,0,0
0,0,0,0
0,0,0,0
0,0,0,0
0,0,0,0
0,0,0,0
3,0,0,0
0,0,0,0
0,0,0,0
1,0,0,0
5,0,0,0
1,1,0,0
1,0,0,0
1,0,0,0
0,0,0,0
0,0,0,0
0,0,0,0
2,0,0,0
0,0,0,0
0,0,0,0
0,0,0,0
1,0,0,0
0,0,0,0
2,0,0,0
0,0,0,0
1,1,0,0
1,0,0,0
1,0,0,0
0,0,0,0
2,0,0,0
0,0,0,0
5,0,0,0
0,0,0,0
0,0,0,0
0,0,0,0
0,0,0,0
1,0,0,0
1,0,0,0
0,1,0,0
1,0,0,0
0,0,0,0
0,0,0,0
1,1,0,0
0,0,0,0
1,0,0,0
0,0,0,0
1,0,0,0
2,0,0,0
0,0,0,0
0,0,0,0
1,0,0,0
2,0,0,0
2,0,0,0
0,0,0,0
0,0,0,0
4,0,0,0
1,0,0,0
0,1,0,0
0,0,0,0
1,0,0,0
2,0,0,0
1,0,0,0
0,0,0,0
1,1,0,0
0,0,0,0
0,0,0,0
1,0,0,0
0,0,0,0
1,0,0,0
1,0,0,0
0,0,0,0
6,0,0,0
0,0,0,0
0,0,0,0
0,0,0,0
0,2,0,0
0,0,0,0
0,1,0,0
0,0,0,0
1,0,0,0
0,0,0,0
0,1,0,0
0,0,0,0
1,0,0,0
0,0,0,0
2,0,0,0
0,2,0,0
0,0,0,0
0,0,0,0
0,1,0,0
0,0,0,0
0,0,0,0
6,0,0,0
0,1,0,0
0,0,0,0
1,0,0,0
0,0,0,0
0,2,0,0
0,0,0,0
1,0,0,0
0,0,0,0
1,0,0,0
0,0,0,0
1,0,0,0
0,0,0,0
2,0,0,0
0,1,0,0
0,0,0,0
0,0,0,0
1,0,0,0
0,0,0,0
2,0,0,0
0,0,0,0
0,0,0,0
4,1,0,0
0,0,0,0
2,0,0,0
0,0,0,0
5,2,0,0
0,1,0,0
2,0,0,0
0,0,0,0
0,0,0,0
0,0,0,0
0,0,0,0
0,0,0,0
1,0,0,0
1,0,0,0
0,0,0,0
3,0,0,0
0,0,0,0
0,2,0,0
0,0,0,0
1,0,0,0
1,0,0,0
0,0,0,0
1,0,0,0
0,0,0,0
0,0,0,0
0,0,0,0
0,0,0,0
0,0,0,0
2,0,0,0
1,0,0,0
1,0,0,0
0,1,0,0
1,0,0,0
0,0,0,0
1,0,0,0
1,0,0,0
0,0,0,0
0,0,0,0
0,0,0,0
0,0,0,0
0,2,0,0
1,0,0,0
0,0,0,0
0,1,0,0
0,0,0,0
0,0,0,0
1,0,0,0
2,0,0,0
0,0,0,0
0,0,0,0
1,1,0,0
2,0,0,0
1,0,0,0
0,0,0,0
0,0,0,0
1,0,0,0
1,0,0,0
3,0,0,0
1,0,0,0
0,0,0,0
0,0,0,0
0,0,0,0
2,0,0,0
1,0,0,0
1,0,0,0
0,0,0,0
2,0,0,0
0,0,0,0
0,2,0,0
4,0,0,0
1,0,0,0
1,1,0,0
0,0,0,0
2,0,0,0
0,0,0,0
1,0,0,0
0,0,0,0
0,0,0,0
1,0,0,0
0,0,0,0
0,0,0,0
3,0,0,0
0,0,0,0
0,0,0,0
0,0,0,0
0,0,0,0
1,0,0,0
2,0,0,0
0,0,0,0
0,0,0,0
0,0,0,0
0,5,0,0
0,0,0,0
0,0,0,0
0,0,0,0
0,0,0,0
2,0,0,0
1,0,0,0
0,2,0,0
1,0,0,0
1,0,0,0
1,0,0,0
0,0,0,0
1,0,0,0
5,1,0,0
0,0,0,0
0,0,0,0
1,0,0,0
1,0,0,0
1,0,0,0
0,0,0,0
0,0,0,0
0,0,0,0
4,0,0,0
0,0,0,0
0,0,0,0
1,1,0,0
1,0,0,0
2,2,0,0
0,0,0,0
0,0,0,0
0,0,0,0
0,0,0,0
1,0,0,0
2,0,0,0
0,1,0,0
1,0,0,0
2,0,0,0
2,0,0,0
1,2,0,0
2,0,0,0
0,1,0,0
2,0,0,0
0,0,0,0
2,0,0,0
1,0,0,0
0,0,0,0
2,0,0,0
0,0,0,0
0,0,0,0
0,0,0,0
4,1,0,0
2,0,0,0
2,0,0,0
1,0,0,0
0,0,0,0
0,0,0,0
1,0,0,0
0,0,0,0
0,0,0,0
0,1,0,0
0,0,0,0
3,0,0,0
1,0,0,0
0,0,0,0
1,0,0,0
0,0,0,0
0,0,0,0
1,0,0,0
1,0,0,0
1,0,0,0
0,0,0,0
0,0,0,0
0,0,0,0
0,0,0,0
0,1,0,0
0,0,0,0
2,2,0,0
0,0,0,0
0,0,0,0
0,0,0,0
0,0,0,0
1,1,0,0
1,0,0,0
3,0,0,0
3,1,0,0
1,0,0,0
0,0,0,0
2,0,0,0
0,0,0,0
0,1,0,0
1,0,0,0
1,2,0,0
1,0,0,0
0,0,0,0
1,0,0,0
0,0,0,0
2,0,0,0
0,0,0,0
0,0,0,0
0,0,0,0
1,0,0,0
0,0,0,0
3,0,0,0
2,0,0,0
2,0,0,0
1,0,0,0
0,2,0,0
1,0,0,0
0,0,0,0
0,2,0,0
0,1,0,0
1,0,0,0
0,0,0,0
0,0,0,0
1,0,0,0
0,0,0,0
0,0,0,0
0,0,0,0
0,0,0,0
0,0,0,0
2,0,0,0
0,0,0,0
1,0,0,0
0,0,0,0
0,0,0,0
0,0,0,0
0,1,0,0
0,0,0,0
1,0,0,0
1,1,0,0
0,0,0,0
1,0,0,0
1,0,0,0
0,0,0,0
2,1,0,0
0,0,0,0
0,1,0,0
1,0,0,0
0,0,0,0
0,0,0,0
0,0,0,0
1,0,0,0
0,1,0,0
4,0,0,0
0,0,0,0
0,0,0,0
0,1,0,0
0,1,0,0
0,0,0,0
0,0,0,0
0,0,0,0
0,0,0,0
0,0,0,0
0,0,0,0
1,0,0,0
0,0,0,0
0,0,0,0
0,0,0,0
0,0,0,0
0,0,0,0
0,0,0,0
4,0,0,0
0,0,0,0
1,0,0,0
0,0,0,0
1,0,0,0
2,0,0,0
1,0,0,0
0,0,0,0
0,0,0,0
0,0,0,0
0,0,0,0
0,0,0,0
0,0,0,0
0,0,0,0
0,0,0,0
2,0,0,0
0,0,0,0
0,0,0,0
0,1,0,0
0,0,0,0
0,0,0,0
0,0,0,0
0,0,0,0
1,0,0,0
0,0,0,0
0,0,0,0
0,0,0,0
1,0,0,0
0,0,0,0
0,0,0,0
1,1,0,0
0,0,0,0
0,0,0,0
0,0,0,0
1,0,0,0
1,0,0,0
1,0,0,0
0,0,0,0
1,1,0,0
1,0,0,0
3,0,0,0
0,0,0,0
1,1,0,0
0,0,0,0
1,0,0,0
0,0,0,0
1,0,0,0
1,0,0,0
0,0,0,0
0,0,0,0
1,0,0,0
3,0,0,0
0,0,0,0
0,0,0,0
1,1,0,0
0,0,0,0
1,0,0,0
1,0,0,0
1,0,0,0
1,1,0,0
2,0,0,0
1,1,0,0
0,1,0,0
0,0,0,0
0,0,0,0
1,0,0,0
4,0,0,0
0,0,0,0
1,0,0,0
0,1,0,0
1,0,0,0
2,2,0,0
0,1,0,0
0,0,0,0
0,0,0,0
0,0,0,0
2,0,0,0
0,0,0,0
2,0,0,0
1,0,0,0
1,0,0,0
0,1,0,0
0,0,0,0
0,0,0,0
0,0,0,0
1,0,0,0
1,0,0,0
0,0,0,0
0,0,0,0
1,0,0,0
1,0,0,0
0,0,0,0
0,1,0,0
0,1,0,0
3,0,0,0
2,0,0,0
0,0,0,0
0,0,0,0
1,2,0,0
0,1,0,0
1,0,0,0
2,0,0,0
4,0,0,0
1,0,0,0
0,0,0,0
0,0,0,0
1,0,0,0
1,0,0,0
2,0,0,0
0,2,0,0
0,0,0,0
0,0,0,0
0,1,0,0
0,0,0,0
2,1,0,0
5,0,0,0
2,0,0,0
2,0,0,0
0,0,0,0
0,0,0,0
0,0,0,0
1,1,0,0
1,0,0,0
1,0,0,0
0,0,0,0
1,0,0,0
0,1,0,0
0,2,0,0
1,0,0,0
1,1,0,0
1,0,0,0
1,0,0,0
0,1,0,0
2,0,0,0
1,1,0,0
2,1,0,0
0,0,0,0
0,0,0,0
1,0,0,0
1,0,0,0
1,0,0,0
0,0,0,0
1,0,0,0
0,0,0,0
0,0,0,0
1,0,0,0
1,1,0,0
0,2,0,0
8,0,0,0
1,0,0,0
0,0,0,0
2,0,0,0
1,0,0,0
0,0,0,0
0,0,0,0
0,0,0,0
0,1,0,0
0,0,0,0
0,0,0,0
0,0,0,0
1,0,0,0
1,0,0,0
0,0,0,0
0,0,0,0
0,0,0,0
1,0,0,0
2,0,0,0
1,0,0,0
0,0,0,0
0,0,0,0
0,0,0,0
0,0,0,0
0,0,0,0
0,0,0,0
0,0,0,0
1,0,0,0
1,0,0,0
0,0,0,0
1,0,0,0
0,0,0,0
1,0,0,0
2,0,0,0
0,0,0,0
0,0,0,0
6,1,0,0
1,0,0,0
1,1,0,0
0,0,0,0
0,0,0,0
3,0,0,0
1,0,0,0
0,0,0,0
0,0,0,0
2,0,0,0
0,1,0,0
0,0,0,0
3,0,0,0
1,0,0,0
0,1,0,0
1,0,0,0
1,0,0,0
2,0,0,0
1,0,0,0
1,0,0,0
4,0,0,0
1,0,0,0
0,0,0,0
4,2,0,0
2,0,0,0
9,0,0,0
0,0,0,0
1,0,0,0
0,0,0,0
0,0,0,0
1,0,0,0
0,1,0,0
0,0,0,0
0,0,0,0
1,0,0,0
2,1,0,0
1,0,0,0
1,0,0,0
0,0,0,0
0,0,0,0
1,0,0,0
1,0,0,0
2,2,0,0
0,0,0,0
2,0,0,0
1,0,0,0
0,0,0,0
0,0,0,0
0,0,0,0
1,0,0,0
0,0,0,0
0,0,0,0
6,0,0,0
0,0,0,0
3,0,0,0
1,0,0,0
1,1,0,0
1,0,0,0
0,0,0,0
1,0,0,0
0,0,0,0
0,0,0,0
0,0,0,0
1,1,0,0
1,0,0,0
0,0,0,0
0,0,0,0
1,1,0,0
1,1,0,0
1,0,0,0
0,1,0,0
1,0,0,0
2,0,0,0
0,0,0,0
0,2,0,0
0,0,0,0
4,0,0,0
1,1,0,0
0,0,0,0
1,0,0,0
0,0,0,0
0,0,0,0
0,1,0,0
0,1,0,0
1,0,0,0
0,1,0,0
0,0,0,0
0,0,0,0
1,0,0,0
3,0,0,0
0,0,0,0
0,0,0,0
0,0,0,0
0,0,0,0
0,0,0,0
2,0,0,0
0,0,0,0
7,0,0,0
0,0,0,0
2,0,0,0
0,0,0,0
0,0,0,0
0,0,0,0
0,0,0,0
0,0,0,0
2,2,0,0
4,0,0,0
1,0,0,1
0,0,0,1
0,0,0,1
0,0,0,1
0,0,0,1
0,0,0,1
0,0,0,1
0,0,0,1
0,0,0,1
1,0,0,1
0,1,0,1
0,0,0,1
0,1,0,1
1,2,0,1
0,0,0,1
0,0,0,1
0,0,0,1
0,0,0,1
1,0,0,1
0,1,0,1
0,0,0,1
0,1,0,1
0,0,0,1
0,0,0,1
0,0,0,1
0,0,0,1
0,0,0,1
0,0,0,1
0,0,0,1
0,1,0,1
0,0,0,1
1,0,0,1
1,0,0,1
2,0,0,1
0,1,0,1
0,0,0,1
0,1,0,1
0,0,0,1
0,2,0,1
0,0,0,1
3,0,0,1
2,0,0,1
0,0,0,1
0,0,0,1
0,0,0,1
3,3,0,1
0,0,0,1
0,0,0,1
0,0,0,1
0,0,0,1
0,0,0,1
0,1,0,1
0,0,0,1
1,0,0,1
1,0,0,1
0,0,0,1
0,0,0,1
2,0,0,1
1,0,0,1
1,1,0,1
0,0,0,1
0,0,0,1
1,1,0,1
0,0,0,1
0,0,0,1
2,1,0,1
0,0,0,1
1,1,0,1
0,0,0,1
0,0,0,1
0,0,0,1
0,0,0,1
0,0,0,1
0,0,0,1
1,0,0,1
0,0,0,1
0,0,0,1
0,0,0,1
0,0,0,1
0,0,0,1
1,0,0,1
0,0,0,1
0,0,0,1
0,1,0,1
2,0,0,1
0,0,0,1
0,0,0,1
0,0,0,1
0,1,0,1
4,0,0,1
0,0,0,1
0,0,0,1
3,0,0,1
0,0,0,1
0,0,0,1
0,1,0,1
0,0,0,1
0,0,0,1
1,0,0,1
0,0,0,1
0,0,0,1
1,0,0,1
0,0,0,1
1,1,0,1
1,0,0,1
1,0,0,1
0,0,0,1
0,0,0,1
0,0,0,1
0,0,0,1
0,0,0,1
0,0,0,1
0,0,0,1
0,0,0,1
1,1,0,1
2,0,0,1
0,0,0,1
0,0,0,1
0,1,0,1
1,0,0,1
2,0,0,1
0,0,0,1
3,0,0,1
0,3,0,1
0,0,0,1
0,0,0,1
0,3,0,1
0,0,0,1
0,0,0,1
0,0,0,1
0,0,0,1
3,0,0,1
0,0,0,1
0,0,0,1
1,0,0,1
0,0,0,1
3,0,0,1
0,0,0,1
1,0,0,1
0,0,0,1
1,1,0,1
0,1,0,1
3,0,0,1
2,0,0,1
0,0,0,1
1,1,0,1
0,0,0,1
0,0,0,1
0,0,0,1
1,0,0,1
0,1,0,1
0,0,0,1
0,0,0,1
0,1,0,1
0,0,0,1
0,1,0,1
1,0,0,1
0,0,0,1
2,0,0,1
1,0,0,1
0,0,0,1
0,0,0,1
1,0,0,1
0,0,0,1
1,0,0,1
0,0,0,1
0,0,0,1
0,0,0,1
1,0,0,1
0,0,0,1
0,0,0,1
0,0,0,1
0,1,0,1
1,0,0,1
0,0,0,1
0,0,0,1
0,0,0,1
0,0,0,1
0,0,0,1
2,1,0,1
2,0,0,1
0,0,0,1
0,0,0,1
0,0,0,1
0,1,0,1
0,1,0,1
1,0,0,1
1,0,0,1
0,1,0,1
1,0,0,1
1,3,0,1
0,1,0,1
0,1,0,1
0,0,0,1
0,0,0,1
0,0,0,1
0,0,0,1
1,0,0,1
1,0,0,1
0,0,0,1
0,0,0,1
1,0,0,1
1,0,0,1
1,0,0,1
0,0,0,1
0,0,0,1
0,1,0,1
0,0,0,1
1,4,0,1
0,2,0,1
0,0,0,1
0,0,0,1
1,1,0,1
0,0,0,1
0,0,0,1
0,0,0,1
0,0,0,1
0,2,0,1
0,0,0,1
0,0,0,1
0,0,0,1
0,0,0,1
0,0,0,1
0,0,0,1
0,0,0,1
0,0,0,1
5,0,0,1
0,0,0,1
0,0,0,1
0,1,0,1
2,0,0,1
0,0,0,1
4,1,0,1
2,0,0,1
0,1,0,1
2,1,0,1
1,1,0,1
0,1,0,1
0,0,0,1
1,0,0,1
0,0,0,1
0,0,0,1
3,0,0,1
3,0,0,1
0,0,0,1
0,0,0,1
1,0,0,1
0,0,0,1
0,0,0,1
0,1,0,1
3,0,0,1
0,0,0,1
0,0,0,1
0,0,0,1
0,0,0,1
0,0,0,1
0,0,0,1
2,0,0,1
0,0,0,1
0,0,0,1
0,0,0,1
0,1,0,1
0,0,0,1
1,0,0,1
0,0,0,1
0,0,0,1
0,0,0,1
1,2,0,1
1,0,0,1
0,0,0,1
0,0,0,1
9,4,0,1
1,0,0,1
0,0,0,1
1,0,0,1
1,0,0,1
0,0,0,1
1,0,0,1
3,0,0,1
0,0,0,1
0,1,0,1
0,0,0,1
0,0,0,1
1,0,0,1
0,0,0,1
2,0,0,1
0,1,0,1
3,0,0,1
0,0,0,1
1,1,0,1
0,0,0,1
0,0,0,1
0,0,0,1
0,0,0,1
0,0,0,1
0,0,0,1
0,0,0,1
1,0,0,1
0,1,0,1
0,0,0,1
0,0,0,1
2,0,0,1
0,0,0,1
0,0,0,1
0,1,0,1
0,0,0,1
2,1,0,1
1,2,0,1
0,0,0,1
1,0,0,1
0,0,0,1
0,0,0,1
1,0,0,1
1,0,0,1
0,0,0,1
0,0,0,1
0,0,0,1
2,0,0,1
0,0,0,1
0,0,0,1
1,0,0,1
0,0,0,1
1,0,0,1
0,0,0,1
1,0,0,1
3,1,0,1
0,0,0,1
0,0,0,1
0,2,0,1
0,1,0,1
0,0,0,1
1,0,0,1
0,1,0,1
0,0,0,1
0,0,0,1
0,0,0,1
0,0,0,1
0,0,0,1
0,0,0,1
0,0,0,1
1,0,0,1
2,0,0,1
1,0,0,1
1,0,0,1
0,0,0,1
0,1,0,1
2,0,0,1
1,0,0,1
0,0,0,1
0,0,0,1
0,0,0,1
0,0,0,1
0,0,0,1
0,0,0,1
0,0,0,1
1,0,0,1
0,0,0,1
0,1,0,1
0,0,0,1
1,0,0,1
0,0,0,1
1,0,0,1
0,1,0,1
0,0,0,1
1,0,0,1
1,0,0,1
3,0,0,1
1,1,0,1
0,0,0,1
1,0,0,1
0,0,0,1
1,0,0,1
0,0,0,1
0,1,0,1
1,0,0,1
0,0,0,1
0,0,0,1
1,0,0,1
0,0,0,1
0,0,0,1
1,1,0,1
1,1,0,1
1,0,0,1
0,0,0,1
0,0,0,1
2,0,0,1
0,0,0,1
0,0,0,1
0,0,0,1
1,3,0,1
1,0,0,1
2,1,0,1
0,0,0,1
0,0,0,1
0,0,0,1
0,0,0,1
2,1,0,1
0,0,0,1
0,1,0,1
0,0,0,1
3,0,0,1
0,0,0,1
1,0,0,1
2,0,0,1
2,2,0,1
2,0,0,1
0,0,0,1
1,1,0,1
0,0,0,1
1,0,0,1
1,0,0,1
1,1,0,1
0,0,0,1
0,0,0,1
1,0,0,1
1,0,0,1
2,1,0,1
0,0,0,1
1,0,0,1
0,0,0,1
0,0,0,1
0,0,0,1
1,0,0,1
0,0,0,1
0,0,0,1
0,1,0,1
1,0,0,1
1,0,0,1
2,0,0,1
0,0,0,1
0,0,0,1
1,1,0,1
0,2,0,1
0,0,0,1
0,0,0,1
1,0,0,1
1,0,0,1
0,0,0,1
0,0,0,1
0,0,0,1
1,0,0,1
0,0,0,1
0,0,0,1
0,0,0,1
1,0,0,1
0,0,0,1
1,0,0,1
0,0,0,1
0,1,0,1
1,0,0,1
0,0,0,1
0,0,0,1
2,0,0,1
1,1,0,1
0,0,0,1
0,0,0,1
0,1,0,1
0,0,0,1
0,0,0,1
1,0,0,1
0,1,0,1
0,0,0,1
0,0,0,1
0,0,0,1
0,1,0,1
0,0,0,1
0,0,0,1
0,0,0,1
0,0,0,1
0,0,0,1
0,0,0,1
0,0,0,1
0,0,0,1
0,1,0,1
0,0,0,1
0,0,0,1
0,1,0,1
0,0,0,1
2,0,0,1
0,1,0,1
1,2,0,1
0,0,0,1
0,0,0,1
0,0,0,1
0,0,0,1
0,0,0,1
1,0,0,1
2,0,0,1
0,0,0,1
1,0,0,1
0,0,0,1
0,1,0,1
0,0,0,1
1,1,0,1
0,0,0,1
1,0,0,1
0,0,0,1
0,0,0,1
0,0,0,1
0,0,0,1
0,0,0,1
1,0,0,1
0,0,0,1
0,0,0,1
0,0,0,1
2,0,0,1
0,0,0,1
0,0,0,1
1,0,0,1
0,0,0,1
0,0,0,1
1,0,0,1
0,0,0,1
0,0,0,1
0,0,0,1
0,0,0,1
0,0,0,1
1,1,0,1
0,0,0,1
1,0,0,1
0,0,0,1
0,0,0,1
2,0,0,1
0,0,0,1
1,0,0,1
0,0,0,1
0,0,0,1
0,0,0,1
0,0,0,1
1,1,0,1
0,0,0,1
0,0,0,1
0,0,0,1
1,0,0,1
0,0,0,1
0,0,0,1
0,0,0,1
0,0,0,1
0,0,0,1
1,0,0,1
0,0,0,1
0,0,0,1
0,0,0,1
0,0,0,1
0,0,0,1
0,0,0,1
0,0,0,1
0,0,0,1
1,0,0,1
0,0,0,1
2,0,0,1
0,0,0,1
0,1,0,1
2,0,0,1
3,0,0,1
1,0,0,1
0,0,0,1
0,0,0,1
0,0,0,1
0,0,0,1
0,0,0,1
0,0,0,1
1,0,0,1
1,1,0,1
1,0,0,1
1,0,0,1
0,1,0,1
2,0,0,1
0,0,0,1
0,0,0,1
2,0,0,1
0,0,0,1
2,0,0,1
0,0,0,1
1,0,0,1
7,0,0,1
1,1,0,1
0,0,0,1
1,0,0,1
0,0,0,1
0,0,0,1
1,0,0,1
1,0,0,1
0,0,0,1
1,1,0,1
0,1,0,1
1,1,0,1
1,0,0,1
1,0,0,1
1,1,0,1
0,0,0,1
2,1,0,1
0,0,0,1
0,0,0,1
0,0,0,1
0,1,0,1
0,0,0,1
1,0,0,1
0,0,0,1
2,0,0,1
1,0,0,1
1,1,0,1
1,0,0,1
0,0,0,1
0,0,0,1
3,0,0,1
0,0,0,1
1,1,0,1
0,0,0,1
0,0,0,1
0,0,0,1
0,1,0,1
0,0,0,1
0,0,0,1
1,1,0,1
0,0,0,1
0,1,0,1
0,1,0,1
0,1,0,1
0,0,0,1
0,0,0,1
1,0,0,1
1,0,0,1
0,0,0,1
0,0,0,1
0,0,0,1
3,0,0,1
2,1,0,1
0,0,0,1
1,0,0,1
0,0,0,1
0,0,0,1
0,0,0,1
0,1,0,1
0,2,0,1
5,0,0,1
0,0,0,1
0,0,0,1
0,1,0,1
1,0,0,1
1,0,0,1
1,0,0,1
0,0,0,1
0,0,0,1
2,0,0,1
0,0,0,1
1,0,0,1
0,1,0,1
0,0,0,1
0,0,0,1
1,0,0,1
0,0,0,1
2,0,0,1
1,1,0,1
0,2,0,1
1,0,0,1
0,1,0,1
0,0,0,1
0,0,0,1
0,0,0,1
1,0,0,1
1,0,0,1
0,0,0,1
0,0,0,1
0,0,0,1
0,0,0,1
1,0,0,1
0,0,0,1
0,0,0,1
0,0,0,1
0,2,0,1
0,0,0,1
0,0,0,1
0,0,0,1
0,0,0,1
0,0,0,1
0,0,0,1
0,0,0,1
0,0,0,1
1,1,0,1
4,0,0,1
1,0,0,1
0,0,0,1
0,0,0,1
0,0,0,1
0,0,0,1
1,0,0,1
0,0,0,1
0,0,0,1
0,0,0,1
0,0,0,1
1,0,0,1
2,0,0,1
0,0,0,1
0,0,0,1
1,0,0,1
0,0,0,1
1,0,0,1
0,0,0,1
0,0,0,1
0,0,0,1
0,0,0,1
0,0,0,1
2,0,0,1
0,1,0,1
0,0,0,1
0,0,0,1
0,0,0,1
0,0,0,1
0,0,0,1
1,0,0,1
2,1,0,1
1,0,0,1
1,0,0,1
0,0,0,1
1,0,0,1
0,0,0,1
0,0,0,1
1,0,0,1
1,0,0,1
0,0,0,1
0,0,0,1
0,0,0,1
0,0,0,1
1,0,0,1
1,0,0,1
1,1,0,1
0,0,0,1
0,1,0,1
0,0,0,1
0,1,0,1
1,1,0,1
1,0,0,1
0,1,0,1
0,0,0,1
1,0,0,1
0,0,0,1
1,0,0,1
1,0,0,1
0,0,0,1
1,3,0,1
1,0,0,1
0,0,0,1
0,0,0,1
0,0,0,1
0,0,0,1
0,0,0,1
0,0,0,1
0,0,0,1
0,0,0,1
0,0,0,1
0,0,0,1
1,0,0,1
0,0,0,1
0,0,0,1
0,0,0,1
0,0,0,1
1,0,0,1
0,0,0,1
0,0,0,1
1,0,0,1
0,0,0,1
0,0,0,1
1,0,0,1
0,0,0,1
0,0,0,1
0,0,0,1
0,0,0,1
0,0,0,1
0,0,0,1
0,1,0,1
0,0,0,1
10,1,0,1
0,0,0,1
0,0,0,1
0,0,0,1
2,0,0,1
1,0,0,1
0,0,0,1
0,0,0,1
0,0,0,1
0,0,0,1
1,0,0,1
0,0,0,1
1,0,0,1
1,0,0,1
1,0,0,1
0,0,0,1
0,0,0,1
3,0,0,1
0,2,0,1
0,0,0,1
2,0,0,1
1,0,0,1
1,1,0,1
0,0,0,1
0,0,0,1
3,0,0,1
4,0,0,1
0,0,0,1
0,0,0,1
2,1,0,1
2,0,0,1
0,0,0,1
3,0,0,1
0,0,0,1
0,0,0,1
0,0,0,1
0,0,0,1
0,0,0,1
0,0,0,1
3,1,0,1
0,0,0,1
0,0,0,1
1,0,0,1
0,0,0,1
0,0,0,1
0,0,0,1
1,0,0,1
0,0,0,1
0,0,0,1
0,0,0,1
0,0,0,1
0,0,0,1
1,0,0,1
0,0,0,1
1,0,0,1
0,0,0,1
0,0,0,1
0,1,0,1
0,0,0,1
0,0,0,1
7,0,0,1
0,0,0,1
0,1,0,1
0,0,0,1
1,0,0,1
0,0,0,1
4,0,0,1
0,0,0,1
0,0,0,1
2,1,0,1
0,1,0,1
1,1,0,1
0,2,0,1
1,0,0,1
2,0,0,1
0,0,0,1
1,1,0,1
1,0,0,1
1,0,0,1
2,0,0,1
0,1,0,1
0,0,0,1
1,0,0,1
0,0,0,1
0,1,0,1
0,0,0,1
3,0,0,1
1,0,0,1
4,1,0,1
0,1,0,1
1,0,0,1
0,0,0,1
0,0,0,1
1,1,0,1
0,0,0,1
0,0,0,1
0,0,0,1
1,0,0,1
3,0,0,1
1,0,0,1
0,0,0,1
0,0,0,1
0,0,0,1
1,0,0,1
5,0,0,1
2,0,0,1
1,0,0,1
0,0,0,1
1,0,0,1
0,1,0,1
0,0,0,1
0,0,0,1
0,0,0,1
0,0,0,1
0,0,0,1
1,0,0,1
1,0,0,1
1,0,0,1
0,0,0,1
0,0,0,1
0,0,0,1
0,0,0,1
3,1,0,1
1,0,0,1
1,0,0,1
0,0,0,1
0,1,0,1
0,0,0,1
2,1,0,1
0,0,0,1
0,0,0,1
1,1,0,1
0,0,0,1
1,0,0,1
0,0,0,1
0,0,0,1
0,0,0,1
1,0,0,1
0,1,0,1
0,0,0,1
1,0,0,1
8,1,0,1
0,0,0,1
1,0,0,1
0,0,0,1
2,4,0,1
0,0,0,1
0,0,0,1
1,0,0,1
0,0,0,1
0,0,0,1
0,0,0,1
0,0,0,1
1,0,0,1
0,0,0,1
0,0,0,1
0,0,0,1
1,0,0,1
0,0,0,1
0,0,0,1
0,0,0,1
1,0,0,1
0,0,0,1
1,0,0,1
1,0,0,1
1,0,0,1
1,1,0,1
1,1,0,1
0,2,0,1
1,0,0,1
1,0,0,1
0,0,0,1
0,0,0,1
1,0,0,1
0,0,0,1
0,0,0,1
1,2,0,1
0,0,0,1
0,0,0,1
0,1,0,1
0,0,0,1
0,0,0,1
0,1,0,1
0,0,0,1
0,0,0,1
1,0,0,1
0,0,0,1
1,0,0,1
2,1,0,1
1,0,0,1
0,0,0,1
1,0,0,1
0,0,0,1
1,0,0,1
0,0,0,1
1,0,0,1
0,0,0,1
2,0,0,1
0,0,0,1
1,0,0,1
0,0,0,1
0,0,0,1
1,1,0,1
0,0,0,1
1,0,0,1
0,0,0,1
0,1,0,1
0,0,0,1
3,1,0,1
0,0,0,1
1,0,0,1
0,0,0,1
1,0,0,1
1,0,0,1
0,0,0,1
1,1,0,1
0,0,0,1
0,0,0,1
1,0,0,1
1,1,0,1
1,1,0,1
0,0,0,1
1,1,0,1
0,0,0,1
0,0,0,1
0,0,0,1
0,0,0,1
0,0,0,1