count_words,pos_adj,pos_adp,pos_adv,pos_aux,pos_cconj,pos_det,pos_intj,pos_noun,pos_num,pos_part,pos_pron,pos_propn,pos_punct,pos_sconj,pos_sym,pos_verb,pos_x,subjectivity
9,0,0,0,0,0,2,0,2,0,0,2,0,1,1,0,2,0,0
36,4,6,4,1,0,7,0,7,1,0,0,0,5,2,0,4,0,0
58,3,10,3,2,1,11,0,10,1,0,1,2,16,3,0,7,0,0
35,1,5,1,2,2,5,0,8,0,0,1,3,4,0,0,4,0,0
11,1,2,1,1,0,2,0,2,0,0,1,2,1,0,0,0,0,0
21,0,2,0,0,1,4,0,2,1,0,2,3,3,1,0,3,0,0
13,2,0,2,0,1,2,0,2,0,0,0,0,1,2,0,3,0,0
33,1,2,1,1,4,2,0,4,1,0,3,0,3,4,0,7,0,0
4,0,0,0,0,0,1,0,2,0,0,0,0,2,0,0,0,0,0
12,0,2,0,2,1,2,0,3,0,0,1,0,1,0,0,0,0,0
18,0,5,0,0,0,1,0,4,0,0,0,3,3,1,0,2,0,0
31,1,6,1,1,1,5,0,7,3,0,1,1,3,0,0,4,0,0
30,1,4,1,1,0,6,0,6,1,0,2,0,4,0,0,3,0,0
24,2,2,2,1,3,4,0,3,0,0,1,1,4,1,0,4,0,0
31,3,4,3,1,2,6,0,8,0,0,0,2,3,1,0,3,0,0
18,2,1,2,0,2,3,0,4,0,0,0,0,2,0,0,1,0,0
15,2,2,2,1,0,3,0,3,0,0,0,1,1,1,0,2,0,0
4,0,0,0,0,0,1,0,1,0,0,0,0,1,0,0,1,0,0
16,0,1,0,0,1,2,0,4,0,0,3,0,1,0,0,5,0,0
5,0,1,0,0,0,2,0,2,0,0,0,0,1,0,0,0,0,0
12,1,1,1,0,0,1,0,1,0,0,1,0,1,3,0,4,0,0
21,1,4,1,0,1,4,0,6,0,0,0,0,4,1,0,2,0,0
25,1,1,1,1,1,1,0,5,0,0,2,2,5,2,0,6,0,0
16,1,3,1,1,0,4,0,4,0,0,1,0,2,0,0,2,0,0
22,1,3,1,1,1,8,0,5,0,0,1,1,2,0,0,1,0,0
7,1,0,1,1,1,0,0,0,0,0,1,0,2,0,0,1,0,0
17,0,0,0,0,1,2,0,3,1,0,2,0,2,0,0,6,0,0
24,0,3,0,1,4,4,0,5,0,0,1,2,2,0,0,3,0,0
31,2,2,2,2,3,5,0,5,0,0,4,0,4,1,0,4,0,0
15,0,3,0,0,0,3,0,3,1,0,0,1,2,1,0,2,0,0
10,0,1,0,0,0,0,0,1,0,0,0,6,2,0,0,0,0,0
18,1,2,1,0,0,3,0,3,0,0,2,0,4,0,0,4,0,0
22,0,4,0,0,0,4,0,6,0,0,1,0,5,1,0,2,0,0
6,1,0,1,1,0,1,0,1,0,0,0,2,1,0,0,0,0,0
32,0,6,0,0,1,5,0,8,0,0,4,1,3,0,0,4,0,0
11,0,0,0,0,1,0,0,0,0,0,1,3,1,2,0,2,0,0
13,0,1,0,0,0,1,0,3,0,0,2,2,2,0,0,2,0,0
19,0,3,0,0,1,2,0,5,0,0,2,0,3,0,0,4,0,0
26,3,1,3,2,0,2,0,4,0,0,2,0,2,4,0,4,0,0
23,0,5,0,1,0,6,0,5,0,0,1,1,3,0,0,2,0,0
12,0,1,0,1,0,4,0,4,0,0,1,0,1,0,0,1,0,0
21,2,5,2,0,0,3,0,3,0,0,2,4,2,0,0,2,0,0
4,0,0,0,0,0,1,0,1,0,0,1,0,1,0,0,1,0,0
21,1,5,1,0,0,4,0,7,0,0,2,0,2,0,0,2,0,0
47,5,4,5,3,4,4,1,6,0,0,5,3,11,1,0,3,0,0
21,1,1,1,3,0,2,0,2,1,0,3,1,2,3,0,3,0,0
38,3,8,3,0,1,7,0,12,0,0,2,0,7,0,0,3,0,0
7,1,0,1,1,0,2,0,1,0,0,0,0,1,1,0,0,0,0
11,0,1,0,0,2,2,0,3,0,0,1,1,2,0,0,1,0,0
6,0,0,0,1,1,1,0,1,0,0,0,0,1,0,0,0,0,0
11,0,0,0,1,1,2,0,2,0,0,1,1,1,1,0,2,0,0
21,0,3,0,0,0,6,0,6,0,0,0,0,2,1,0,5,0,0
6,1,0,1,1,0,1,0,1,0,0,1,0,2,0,0,1,0,0
31,0,4,0,0,1,4,0,6,0,0,4,0,4,2,0,5,0,0
17,2,2,2,1,1,1,0,3,0,0,1,0,2,1,0,2,0,0
18,1,1,1,2,0,2,0,3,0,0,1,1,3,2,0,3,0,0
9,0,0,0,1,1,0,0,1,0,0,1,0,2,1,0,2,0,0
10,1,2,1,0,0,0,0,3,0,0,2,0,5,0,0,2,0,0
13,2,2,2,0,1,2,0,3,0,0,1,0,1,0,0,2,0,0
31,1,6,1,1,1,6,0,8,1,0,0,1,2,1,0,5,0,0
16,1,2,1,1,1,3,0,4,0,0,1,0,5,0,0,0,0,0
30,3,5,3,1,1,5,0,5,1,0,0,2,5,0,0,2,0,0
22,3,3,3,0,0,5,0,3,1,0,0,3,5,0,0,3,0,0
73,3,9,3,4,4,9,0,11,0,0,9,5,9,1,0,12,0,0
44,5,3,5,2,1,3,0,4,0,0,5,1,9,3,0,6,0,0
11,1,1,1,0,0,1,0,3,0,0,0,0,5,1,0,3,0,0
24,4,3,4,1,0,5,0,4,1,0,1,0,3,1,0,1,0,0
14,1,0,1,2,1,1,0,2,0,0,0,0,4,0,0,1,0,0
50,2,6,2,1,2,6,0,9,0,0,5,0,6,2,0,9,0,0
11,0,3,0,0,0,3,0,3,0,0,0,1,1,0,0,1,0,0
38,0,9,0,0,2,7,0,10,0,0,2,0,5,1,0,5,0,0
13,0,2,0,0,1,2,0,3,0,0,0,0,3,0,0,4,0,0
15,1,2,1,1,2,2,0,3,0,0,0,1,2,0,0,1,0,0
14,0,4,0,0,0,3,0,4,0,0,0,2,1,0,0,1,0,0
3,0,0,0,0,0,0,0,0,0,0,2,0,1,0,0,1,0,0
30,1,5,1,2,2,5,0,6,0,0,3,1,7,1,0,4,0,0
35,2,3,2,3,1,7,0,7,0,0,3,1,4,2,0,6,0,0
19,0,3,0,2,0,2,0,4,0,0,1,0,3,1,0,3,0,0
11,1,1,1,1,0,1,0,1,0,0,0,2,1,0,0,1,0,0
31,4,6,4,0,2,3,0,5,2,0,2,4,4,0,0,1,0,0
23,1,3,1,1,0,5,0,4,0,0,2,1,3,1,0,4,0,0
17,0,1,0,0,2,2,0,2,0,0,2,0,3,1,0,4,0,0
6,0,0,0,0,0,0,0,2,0,0,1,0,3,0,0,2,0,0
48,3,8,3,3,1,7,0,8,0,0,8,0,5,1,0,5,0,0
42,0,5,0,2,2,6,0,6,0,0,10,0,4,1,0,9,0,0
29,2,4,2,2,1,5,0,8,0,0,3,0,5,1,0,1,0,0
11,0,1,0,1,0,2,0,2,2,0,1,0,2,1,0,1,0,0
31,0,3,0,2,1,6,0,6,0,0,4,0,5,2,0,5,0,0
22,2,5,2,0,0,2,0,8,1,0,1,0,3,0,0,2,0,0
41,3,5,3,0,3,5,0,7,1,0,6,1,7,1,0,7,0,0
25,1,3,1,1,1,6,0,5,1,0,0,0,1,2,0,4,0,0
48,0,8,0,0,1,11,0,12,0,0,3,1,6,2,0,6,0,0
46,4,6,4,1,3,4,0,7,0,0,5,0,2,1,0,11,0,0
18,0,0,0,0,3,2,0,2,0,0,5,0,2,3,0,2,0,0
5,1,0,1,1,0,1,0,1,0,0,0,0,1,0,0,1,0,0
10,0,1,0,0,0,1,0,2,0,0,1,0,1,2,0,3,0,0
19,2,2,2,1,0,2,0,4,0,0,1,0,2,3,0,2,0,0
24,3,3,3,1,1,5,0,4,0,0,3,0,5,0,0,2,0,0
15,2,1,2,1,0,2,0,2,0,0,2,0,3,0,0,1,0,0
15,1,1,1,1,0,1,0,2,0,0,1,1,5,0,0,1,0,0
10,1,2,1,0,0,3,0,2,0,0,0,0,2,0,0,1,0,0
16,0,4,0,0,0,4,0,5,0,0,0,0,1,0,0,2,0,0
13,0,2,0,1,1,1,0,2,0,0,0,0,2,1,0,3,0,0
13,3,3,3,0,0,1,0,3,0,0,0,1,2,0,0,0,0,0
4,0,0,0,0,0,1,0,1,0,0,0,1,1,0,0,1,0,0
4,1,0,1,1,0,0,0,0,0,0,1,0,1,0,0,0,0,0
9,0,1,0,0,0,0,0,0,0,0,0,2,2,1,0,4,0,0
12,1,1,1,0,0,0,0,0,0,0,2,0,2,2,0,3,0,0
16,0,2,0,1,0,1,0,4,1,0,2,0,2,2,0,1,0,0
25,2,4,2,1,1,7,0,7,0,0,1,1,1,0,0,1,0,0
17,0,3,0,0,1,1,0,1,0,0,3,0,2,1,0,4,0,0
13,2,1,2,1,2,1,0,1,0,0,2,0,4,0,0,3,0,0
22,3,3,3,1,1,2,0,3,0,0,3,0,3,0,0,5,0,0
6,0,1,0,0,0,1,0,2,1,0,0,0,1,0,0,1,0,0
3,0,0,0,0,0,0,0,0,0,0,0,0,2,0,0,1,0,0
16,0,1,0,1,0,1,0,1,0,0,3,0,2,2,0,3,0,0
13,2,0,2,2,1,1,0,1,0,0,2,0,2,1,0,3,0,0
7,0,1,0,1,0,2,0,2,0,0,1,0,1,0,0,0,0,0
38,4,3,4,4,2,2,0,3,0,0,6,1,6,2,0,8,0,0
9,0,2,0,0,0,2,0,2,0,0,0,2,1,0,0,1,0,0
16,1,1,1,1,1,4,0,4,0,0,1,0,1,0,0,1,0,0
35,0,5,0,1,2,5,0,6,0,0,4,1,4,2,0,6,0,0
22,1,2,1,1,1,7,0,6,0,0,0,0,4,0,0,2,0,0
56,1,6,1,1,3,8,0,7,1,0,5,4,6,4,0,9,0,0
43,1,7,1,2,1,6,0,8,1,0,2,5,6,2,0,6,0,0
47,0,9,0,2,2,11,0,8,0,0,4,6,3,0,0,5,0,0
29,3,4,3,2,0,7,0,8,0,0,0,0,2,1,0,3,0,0
5,0,0,0,1,0,0,0,0,0,0,0,2,1,1,0,0,0,0
10,1,1,1,1,0,2,0,2,0,0,1,0,1,0,0,1,0,0
15,0,1,0,2,1,2,0,3,0,0,4,0,2,0,0,2,0,0
3,0,0,0,0,0,0,0,0,0,0,0,0,2,1,0,1,0,0
23,0,3,0,0,2,6,0,5,0,0,2,1,2,0,0,4,0,0
12,0,1,0,1,1,1,0,1,0,0,0,7,1,0,0,0,0,0
14,1,2,1,0,1,4,0,3,0,0,1,0,2,0,0,2,0,0
4,0,0,0,0,1,0,0,0,0,0,0,0,2,0,0,2,0,0
28,1,1,1,0,2,3,0,6,0,0,5,0,6,2,0,7,0,0
9,0,0,0,1,0,1,0,2,0,0,1,1,3,0,0,1,0,0
22,1,2,1,0,1,2,0,5,1,0,0,2,2,2,0,3,0,0
41,2,6,2,2,1,4,0,5,0,0,7,2,4,4,0,6,0,0
22,2,3,2,1,0,4,0,3,0,0,4,0,3,1,0,2,0,0
5,0,0,0,0,0,1,0,1,0,0,0,0,2,0,0,1,0,0
14,0,2,0,1,1,2,0,1,0,0,1,2,2,0,0,3,0,0
6,0,0,0,1,0,0,0,0,0,0,2,0,1,1,0,2,0,0
15,0,1,0,0,0,3,0,2,1,0,1,1,6,0,0,2,0,0
16,2,1,2,1,1,4,0,3,0,0,1,2,2,0,0,1,0,0
52,6,8,6,0,1,9,0,7,0,0,6,0,9,2,0,7,0,0
44,3,2,3,1,3,9,0,8,0,0,5,2,8,2,0,6,0,0
24,0,5,0,0,1,4,0,5,0,0,2,3,4,0,0,4,0,0
16,0,1,0,0,0,4,1,3,0,0,1,1,5,0,0,2,0,0
23,3,3,3,2,1,5,0,4,0,0,0,2,2,0,0,0,0,0
14,2,1,2,0,2,3,0,2,0,0,1,0,1,1,0,1,0,0
79,7,10,7,2,1,18,0,16,1,0,5,2,13,4,0,6,0,0
20,1,2,1,1,0,5,0,4,1,0,0,0,2,1,0,3,0,0
30,1,1,1,0,0,6,0,4,0,0,1,3,3,5,0,6,0,0
9,0,1,0,1,0,3,0,3,0,0,0,0,2,0,0,0,0,0
7,1,1,1,0,0,0,0,0,0,0,0,2,1,0,0,2,0,0
43,3,5,3,0,1,10,0,11,1,0,0,1,10,2,0,6,0,0
19,3,2,3,2,2,4,0,3,1,0,0,0,1,0,0,0,0,0
6,1,0,1,0,1,1,0,1,0,0,1,0,1,0,0,1,0,0
32,1,4,1,0,2,4,0,4,0,0,5,1,3,2,0,7,0,0
7,0,1,0,0,0,1,0,0,0,0,2,1,1,0,0,2,0,0
24,2,3,2,2,3,2,0,4,1,0,0,0,3,2,0,4,0,0
26,1,6,1,0,0,7,0,7,0,0,0,0,5,0,0,2,0,0
19,3,3,3,1,0,4,0,5,0,0,0,0,2,1,0,1,0,0
17,1,3,1,1,1,1,0,3,0,0,1,2,2,1,0,2,0,0
15,1,1,1,1,0,2,0,2,3,0,2,1,2,2,0,2,0,0
19,2,5,2,0,0,4,0,5,0,0,0,1,4,0,0,1,0,0
9,0,2,0,1,0,1,0,1,0,0,1,0,4,0,0,0,0,0
37,2,4,2,2,2,6,0,7,0,0,4,0,6,0,0,4,0,0
15,0,3,0,1,0,3,0,3,0,0,0,2,3,0,0,1,0,0
5,0,1,0,0,1,1,0,2,0,0,0,0,1,0,0,0,0,0
22,2,4,2,1,1,2,0,5,1,0,0,0,6,0,0,2,0,0
14,1,3,1,0,0,3,0,4,0,0,0,1,1,0,0,1,0,0
20,0,4,0,0,0,5,0,3,0,0,1,4,4,0,0,2,0,0
13,0,0,0,0,1,6,0,2,0,0,0,1,1,1,0,2,0,0
6,0,1,0,0,0,2,0,2,0,0,0,0,1,0,0,1,0,0
11,0,1,0,0,1,2,0,2,0,0,0,0,3,0,0,2,0,0
13,1,1,1,1,1,2,0,3,0,0,0,0,1,1,0,3,0,0
37,3,5,3,1,1,6,0,6,0,0,4,4,5,1,0,4,0,0
16,1,3,1,0,0,4,0,5,0,0,0,0,1,1,0,1,0,0
3,0,0,0,0,0,0,0,1,0,0,1,0,1,0,0,1,0,0
25,3,3,3,1,0,3,0,3,0,0,6,0,2,0,0,4,0,0
21,1,3,1,2,1,3,0,3,0,0,1,2,4,0,0,2,0,0
26,0,2,0,4,1,3,0,4,0,0,1,6,5,0,0,2,0,0
35,1,7,1,0,1,4,0,7,0,0,3,2,6,0,0,6,0,0
9,2,0,2,1,0,2,0,2,0,0,0,0,2,0,0,1,0,0
24,1,3,1,2,2,5,0,7,0,0,0,0,3,1,0,2,0,0
32,2,4,2,1,2,6,0,6,1,0,4,0,2,0,0,5,0,0
23,0,2,0,2,2,3,0,2,1,0,1,4,3,0,0,1,0,0
28,1,4,1,1,0,3,0,6,0,0,3,0,7,1,0,5,0,0
13,1,2,1,0,1,3,0,3,0,0,0,2,2,0,0,1,0,0
21,1,4,1,0,0,3,0,4,2,0,1,0,4,2,0,3,0,0
13,0,0,0,1,1,0,0,2,0,0,0,7,3,0,0,0,0,0
44,4,1,4,6,1,3,0,2,0,0,16,1,4,2,0,7,0,0
14,0,1,0,1,0,3,0,2,0,0,2,2,2,0,0,1,0,0
10,1,0,1,0,0,2,0,2,0,0,1,0,2,1,0,3,0,0
37,4,4,4,1,1,6,0,5,0,0,2,0,9,2,0,6,0,0
10,0,0,0,1,0,2,0,2,0,0,0,0,2,2,0,2,0,0
17,0,2,0,2,0,0,0,0,0,0,5,0,4,0,0,0,0,0
20,1,2,1,1,1,3,0,2,0,0,5,1,1,0,0,4,0,0
11,0,2,0,0,0,3,0,3,0,0,0,0,1,0,0,1,0,0
29,3,4,3,0,1,5,0,3,0,0,2,2,3,1,0,4,0,0
33,0,4,0,0,2,4,0,4,0,0,6,1,4,3,0,8,0,0
22,0,4,0,3,0,5,0,5,0,0,2,1,4,1,0,1,0,0
17,0,3,0,0,1,0,0,3,0,0,1,0,4,3,0,6,0,0
30,3,4,3,2,2,3,0,5,0,0,2,0,5,2,0,3,0,0
24,2,3,2,0,1,0,0,4,0,0,6,0,4,1,0,6,0,0
21,4,4,4,0,0,2,0,5,0,0,0,2,2,1,0,3,0,0
34,0,2,0,1,1,8,0,8,0,0,1,1,1,3,0,6,0,0
9,0,0,0,0,0,0,0,1,0,0,0,6,1,0,0,1,1,0
15,0,3,0,0,0,2,0,4,2,0,0,2,1,0,0,1,0,0
6,0,0,0,1,0,1,0,1,0,0,1,2,1,0,0,0,0,0
12,1,1,1,1,0,2,0,1,0,0,2,0,1,1,0,2,0,0
6,1,1,1,0,0,0,0,1,0,0,0,0,1,1,0,2,0,0
77,3,13,3,5,4,13,0,10,2,0,3,9,7,2,0,9,0,0
21,2,3,2,1,1,6,0,5,1,0,0,0,3,0,0,1,0,0
39,3,7,3,1,0,5,0,5,0,0,5,2,2,1,0,6,0,0
6,0,0,0,0,0,1,0,1,0,0,1,0,1,0,0,2,0,0
13,1,3,1,1,1,1,0,3,0,0,1,0,2,0,0,1,0,0
8,0,1,0,1,0,2,0,2,0,0,0,1,1,0,0,0,0,0
18,1,4,1,0,0,1,0,3,0,0,1,1,4,0,0,3,0,0
31,1,4,1,1,0,8,0,7,0,0,4,1,2,0,0,4,0,0
10,3,1,3,1,2,0,0,0,0,0,2,0,2,0,0,0,0,0
26,2,4,2,2,1,3,0,4,1,0,2,2,2,1,0,3,0,0
10,1,1,1,1,1,1,0,5,0,0,0,0,3,0,0,0,0,0
36,1,5,1,1,2,6,0,10,0,0,3,0,3,1,0,4,0,0
10,2,1,2,1,2,0,0,0,0,0,0,3,2,0,0,1,0,0
7,0,0,0,0,0,0,0,0,0,0,1,0,3,0,0,3,0,0
22,0,2,0,1,0,2,0,4,1,0,4,0,5,0,0,3,0,0
22,1,5,1,1,0,6,0,6,0,0,0,1,3,1,0,1,0,0
6,1,0,1,0,0,0,0,0,0,0,1,0,1,1,0,1,0,0
12,1,1,1,2,0,2,0,2,0,0,0,0,1,1,0,1,0,0
63,3,8,3,1,4,10,0,14,0,0,3,6,10,3,0,8,0,0
24,2,2,2,2,1,1,0,5,1,0,4,0,4,1,0,2,0,0
18,0,2,0,0,2,4,0,3,0,0,2,0,2,1,0,2,0,0
23,3,4,3,1,1,4,0,3,0,0,1,3,2,0,0,3,0,0
9,1,1,1,0,0,1,0,1,0,0,0,0,2,1,0,2,0,0
16,1,3,1,0,0,3,0,3,1,0,0,0,4,1,0,1,0,0
5,0,1,0,0,0,0,0,0,0,0,2,0,2,0,0,1,0,0
21,0,2,0,0,2,2,0,3,0,0,1,0,2,2,0,5,0,0
14,1,1,1,0,2,0,0,1,0,0,1,0,2,0,0,3,0,0
14,2,2,2,2,0,2,0,4,0,0,1,1,1,0,0,0,0,0
21,2,4,2,1,0,4,0,5,1,0,0,1,5,0,0,1,0,0
17,1,2,1,0,1,4,0,4,0,0,1,0,1,0,0,4,0,0
11,1,3,1,0,0,1,0,2,0,0,1,1,1,0,0,1,0,0
13,1,1,1,0,0,2,0,4,0,0,1,0,1,1,0,2,0,0
18,1,3,1,1,0,3,0,4,0,0,1,0,1,1,0,3,0,0
15,0,2,0,0,0,3,0,3,0,0,2,1,2,0,0,3,0,0
33,3,3,3,2,2,2,0,4,0,0,3,2,1,2,0,6,0,0
6,0,0,0,1,1,0,1,1,0,0,0,0,4,0,0,0,0,0
15,0,1,0,0,1,3,0,5,0,0,2,0,2,0,0,3,0,0
12,0,2,0,1,0,3,0,1,0,0,0,2,1,1,0,2,0,0
69,5,6,5,3,6,8,0,11,0,0,5,1,6,5,0,14,0,0
29,1,6,1,0,1,7,0,6,0,0,1,2,3,0,0,3,0,0
15,0,3,0,1,1,2,0,3,0,0,1,0,3,0,0,2,0,0
7,1,1,1,0,0,1,0,1,0,0,1,1,1,0,0,1,0,0
11,0,0,0,0,0,1,0,1,0,0,0,0,1,3,0,4,0,0
25,3,4,3,0,2,4,0,4,1,0,3,0,1,0,0,3,0,0
22,0,2,0,1,0,4,0,4,0,0,1,0,5,2,0,4,0,0
14,1,2,1,2,0,4,0,4,0,0,0,0,1,0,0,1,0,0
30,2,5,2,1,1,6,0,8,1,0,2,0,4,0,0,1,0,0
138,7,16,7,6,3,31,0,27,1,0,9,9,11,6,0,14,0,0
4,0,1,0,0,0,1,0,1,0,0,0,0,1,0,0,0,0,0
33,2,6,2,0,0,6,0,9,0,0,1,1,4,1,0,5,0,0
31,0,2,0,1,0,5,0,7,0,0,2,2,4,1,0,6,0,0
13,1,2,1,0,0,2,0,2,0,0,0,0,1,0,0,1,0,0
17,1,1,1,1,0,2,0,3,0,0,1,2,1,3,0,2,0,0
13,2,0,2,0,0,3,0,4,0,0,0,0,4,0,0,1,0,0
17,0,2,0,0,1,2,0,4,0,0,0,2,2,0,0,3,0,0
11,1,2,1,0,0,0,0,0,0,0,5,0,1,0,0,2,0,0
13,1,2,1,0,1,1,0,2,0,0,1,0,5,0,0,3,0,0
31,2,6,2,3,0,4,0,4,0,0,3,2,6,0,0,3,0,0
18,2,1,2,1,3,1,0,1,0,0,1,0,2,2,0,3,0,0
52,3,9,3,2,2,11,0,15,0,0,3,0,8,0,0,4,0,0
3,0,0,0,0,0,0,0,0,0,0,0,2,2,1,0,0,0,0
13,0,2,0,0,0,3,0,3,0,0,0,0,1,1,0,2,0,0
6,1,0,1,1,0,2,0,1,1,0,0,0,1,0,0,0,0,0
10,0,1,0,0,0,3,0,1,0,0,0,1,1,1,0,2,0,0
67,3,6,3,4,2,18,0,12,2,0,3,2,8,3,1,5,0,0
13,1,3,1,0,1,1,0,3,0,0,0,1,2,0,0,2,0,0
13,0,1,0,0,0,2,0,1,0,0,1,2,3,2,0,2,0,0
17,0,3,0,0,0,2,0,4,0,0,1,2,3,0,0,2,0,0
26,1,4,1,3,1,3,0,3,1,0,1,1,2,2,0,5,0,0
5,1,0,1,0,0,0,0,0,0,0,1,0,3,1,0,2,0,0
27,1,4,1,0,2,6,0,8,0,0,1,0,1,1,0,4,0,0
12,1,2,1,1,0,3,0,3,0,0,0,1,3,0,0,1,0,0
15,0,2,0,1,1,3,0,3,1,0,0,1,3,0,0,2,0,0
34,5,5,5,1,1,7,0,8,0,0,2,0,4,1,0,2,0,0
26,1,4,1,0,1,5,0,6,0,0,1,1,4,1,0,5,0,0
52,2,8,2,0,2,11,0,9,1,0,2,3,6,2,0,6,0,0
27,0,5,0,0,0,5,0,8,0,0,1,0,5,1,0,2,0,0
34,2,5,2,2,1,8,0,8,1,0,1,0,3,1,0,3,0,0
5,0,0,0,2,0,1,0,1,0,0,1,0,2,0,0,0,0,0
12,1,2,1,0,0,2,0,2,0,0,2,0,1,0,0,1,0,0
14,2,1,2,0,0,4,0,4,0,0,0,1,3,0,0,1,0,0
30,1,5,1,0,1,6,0,7,1,0,1,4,4,1,0,3,0,0
5,1,0,1,0,0,0,0,0,0,0,1,0,3,1,0,2,0,0
25,1,7,1,0,1,5,0,5,0,0,2,2,3,0,0,1,0,0
19,0,1,0,1,0,3,0,3,0,0,1,1,3,1,0,3,0,0
8,3,1,3,0,1,0,0,2,0,0,0,0,2,0,0,0,0,0
27,2,4,2,0,1,6,0,7,0,0,1,0,2,1,0,2,0,0
34,2,4,2,2,2,6,0,9,0,0,1,3,4,0,0,4,0,0
16,0,2,0,1,0,1,0,2,0,0,3,0,2,1,0,2,0,0
8,0,0,0,0,0,0,0,0,0,0,2,0,2,2,0,3,0,0
5,0,0,0,1,0,0,0,1,0,0,1,0,1,0,0,1,0,0
11,0,1,0,1,1,0,0,2,0,0,3,0,1,0,0,3,0,0
23,0,3,0,2,1,2,0,5,0,0,1,1,4,1,0,5,0,0
5,0,0,0,1,0,0,0,0,0,0,1,0,1,1,0,1,0,0
36,5,5,5,2,0,8,0,8,0,0,1,0,3,3,0,3,0,0
48,3,7,3,2,1,7,0,8,0,0,7,1,6,1,0,7,0,0
16,0,2,0,1,0,2,0,3,0,0,4,0,3,0,0,2,0,0
10,1,1,1,0,1,2,0,2,0,0,1,0,2,0,0,2,0,0
12,0,2,0,1,0,4,0,2,0,0,0,2,1,0,0,1,0,0
28,1,5,1,1,2,5,0,6,0,0,0,3,5,1,0,1,0,0
10,1,0,1,0,0,2,0,2,0,0,0,0,1,1,0,3,0,0
21,2,1,2,1,0,1,0,3,1,0,5,0,5,0,0,3,0,0
14,1,3,1,1,0,2,0,1,0,0,1,0,4,1,0,1,0,0
54,5,9,5,1,2,10,0,11,0,0,4,3,7,2,0,5,0,0
71,2,12,2,1,4,16,0,20,0,0,2,0,13,2,0,6,0,0
15,1,4,1,1,0,4,0,4,0,0,1,0,3,0,0,0,0,0
14,1,2,1,0,1,3,0,3,0,0,0,0,2,1,0,2,0,0
48,0,12,0,0,0,13,0,12,0,0,3,4,2,0,0,2,0,0
11,0,1,0,0,0,2,0,2,0,0,1,0,1,0,0,4,0,0
35,2,4,2,3,0,5,0,6,1,0,7,1,3,1,0,3,0,0
12,0,2,0,0,2,3,0,3,0,0,1,0,2,0,0,1,0,0
33,2,5,2,1,4,7,0,8,0,0,1,0,3,0,0,4,0,0
14,2,1,2,1,0,3,0,3,0,0,1,0,2,0,0,2,0,0
28,0,6,0,0,0,2,0,8,0,0,2,0,4,3,0,6,0,0
36,0,5,0,0,2,8,0,9,0,0,0,0,7,2,0,5,0,0
33,1,5,1,2,1,5,0,4,0,0,1,0,6,3,0,4,0,0
5,1,1,1,0,0,0,0,1,1,0,0,1,1,0,0,0,0,0
9,0,0,0,1,0,2,0,1,0,0,3,0,1,0,0,1,0,0
14,2,2,2,1,0,3,0,4,1,0,0,0,2,0,0,0,0,0
25,0,5,0,1,0,3,0,5,1,0,2,1,2,1,0,4,0,0
41,3,8,3,1,1,7,0,10,0,0,1,2,5,1,0,5,0,0
18,2,0,2,2,0,2,1,2,0,0,2,0,5,0,0,3,0,0
7,0,0,0,0,0,0,0,0,0,0,0,1,1,0,0,1,0,0
9,1,0,1,0,1,1,0,1,0,0,1,0,1,0,0,1,0,0
24,2,2,2,0,1,4,0,4,0,0,2,0,3,1,0,5,0,0
31,3,2,3,4,3,2,0,2,0,0,2,2,9,1,0,4,0,0
9,1,1,1,0,0,0,0,1,0,0,1,1,1,1,0,1,0,0
14,0,3,0,1,0,4,0,4,0,0,1,0,2,0,0,1,0,0
16,2,2,2,0,0,5,0,4,0,0,0,0,1,0,0,1,0,0
50,2,9,2,0,2,8,0,9,0,0,3,6,7,3,0,7,0,0
17,1,1,1,2,2,2,0,3,0,0,1,2,2,0,0,2,0,0
15,0,0,0,1,1,3,0,3,0,0,1,0,1,3,0,3,0,0
21,2,2,2,2,0,2,0,3,0,0,3,0,5,0,0,3,0,0
32,2,6,2,0,1,9,0,11,0,0,0,0,4,0,0,2,0,0
10,0,1,0,1,0,2,0,3,0,0,1,1,2,0,0,1,0,0
36,0,5,0,1,1,6,0,6,0,0,5,4,4,0,0,7,0,0
24,2,4,2,0,0,5,0,6,0,0,1,0,4,1,0,3,0,0
18,1,3,1,0,0,3,0,3,0,0,2,1,1,0,0,3,0,0
10,1,1,1,0,0,4,0,1,0,0,0,1,1,0,0,1,0,0
35,1,4,1,2,0,7,0,5,0,0,2,8,6,0,0,2,0,0
31,0,6,0,1,0,6,0,7,1,0,3,1,4,0,0,3,0,0
23,0,4,0,2,0,2,0,4,0,0,1,3,4,0,0,3,0,0
5,0,1,0,1,0,0,0,1,0,0,0,1,1,0,0,1,0,0
17,1,2,1,0,0,1,0,1,0,0,3,0,3,0,0,3,0,0
6,0,1,0,0,0,1,0,1,0,0,1,0,1,0,0,1,0,0
7,1,0,1,1,0,1,0,1,0,0,0,0,1,0,0,1,0,0
20,2,1,2,1,2,2,0,2,0,0,2,2,4,2,0,2,0,0
24,1,4,1,1,1,5,0,6,0,0,0,0,1,0,0,3,0,0
18,0,4,0,0,0,3,0,4,0,0,2,0,4,1,0,4,0,0
14,1,2,1,0,1,2,0,2,0,0,2,0,2,1,0,3,0,0
11,2,1,2,1,0,2,0,2,0,0,0,1,3,0,0,0,0,0
17,0,2,0,0,0,3,0,2,0,0,1,0,2,1,0,4,0,0
18,0,3,0,1,0,3,0,2,0,0,0,3,2,2,0,2,0,0
11,1,2,1,0,0,4,0,3,0,0,0,0,2,0,0,0,0,0
19,0,5,0,0,0,3,0,4,1,0,0,2,6,0,0,1,0,0
27,2,4,2,1,1,4,0,5,0,0,1,2,2,0,0,4,0,0
8,1,0,1,2,0,1,0,1,0,0,0,2,2,0,0,0,0,0
5,0,0,0,1,0,1,0,1,0,0,1,0,1,0,0,0,0,0
34,2,6,2,0,2,6,0,9,0,0,1,2,4,1,0,4,0,0
14,1,1,1,1,0,3,0,3,0,0,1,0,2,1,0,2,0,0
65,3,12,3,1,2,10,0,13,0,0,1,10,7,0,0,11,0,0
18,2,3,2,0,0,1,0,3,0,0,3,0,3,0,0,5,0,0
33,2,4,2,1,0,5,0,9,0,0,2,0,6,2,0,5,0,0
61,2,9,2,2,2,8,0,11,0,0,10,0,3,3,0,10,0,0
11,1,2,1,0,0,2,0,1,0,0,1,0,2,1,0,2,0,0
13,0,1,0,0,1,2,0,3,0,0,2,1,2,0,0,2,0,0
4,0,0,0,0,0,1,0,1,0,0,0,1,3,0,0,0,0,0
13,0,1,0,1,0,2,0,1,1,0,2,0,5,0,0,2,0,0
16,0,3,0,0,1,4,0,5,0,0,0,1,1,0,0,2,0,0
21,0,5,0,0,1,7,0,6,0,0,1,0,3,0,0,1,0,0
12,0,0,0,0,1,1,0,2,0,0,4,0,3,1,0,3,0,0
7,0,1,0,0,0,1,0,1,1,0,0,1,1,0,0,2,0,0
42,2,6,2,1,1,13,0,11,0,0,4,1,3,0,0,3,0,0
21,2,4,2,3,0,4,0,3,0,0,2,0,4,1,0,0,0,0
11,1,2,1,0,1,2,0,4,0,0,0,0,1,0,0,1,0,0
6,0,1,0,0,0,0,0,1,0,0,0,2,1,0,0,1,0,0
32,1,6,1,1,1,5,0,8,0,0,3,3,3,1,0,3,0,0
15,1,3,1,1,1,2,0,5,0,0,1,0,3,0,0,1,0,0
26,0,3,0,0,1,3,0,3,0,0,4,0,3,3,0,6,0,0
48,0,8,0,1,1,10,0,10,0,0,3,2,7,2,0,6,0,0
16,0,1,0,0,0,4,0,3,0,0,0,4,5,1,0,1,0,0
18,0,3,0,1,0,2,0,1,0,0,2,7,2,0,0,1,0,0
23,0,3,0,2,0,2,0,2,0,0,6,0,2,1,0,6,0,0
6,2,0,2,0,0,2,0,2,0,0,0,0,2,0,0,0,0,0
90,1,19,1,0,0,23,0,25,0,0,2,6,12,0,0,4,0,0
27,1,2,1,2,0,3,0,2,0,0,3,2,2,3,0,5,0,0
8,0,0,0,0,0,1,0,2,1,0,1,1,1,0,0,1,0,0
6,0,0,0,2,0,2,0,2,0,0,0,0,2,0,0,0,0,0
35,2,5,2,3,0,5,0,6,0,0,2,2,3,3,0,5,0,0
33,1,3,1,1,0,5,0,7,0,0,4,1,6,3,0,7,0,0
11,0,2,0,0,1,2,0,3,0,0,0,1,1,0,0,2,0,0
15,0,3,0,1,1,2,0,4,0,0,0,1,4,0,0,2,0,0
16,0,4,0,0,0,3,0,5,1,0,0,1,3,0,0,0,0,0
11,1,1,1,0,0,1,0,2,0,0,3,0,1,0,0,2,0,0
4,0,0,0,0,0,0,0,0,0,0,0,0,3,1,0,2,0,0
25,2,4,2,1,1,5,0,5,0,0,0,2,3,1,0,3,0,0
27,2,2,2,2,1,4,0,5,0,0,4,0,2,1,0,4,0,0
50,7,7,7,1,2,7,0,9,0,0,3,1,9,1,0,6,0,0
25,0,3,0,0,2,4,0,3,0,0,4,2,3,1,0,5,0,0
9,0,0,0,0,0,2,0,2,0,0,1,0,2,0,0,3,0,0
25,1,3,1,0,1,5,0,4,0,0,1,9,7,0,0,1,0,0
27,4,3,4,1,0,4,0,5,0,0,5,0,3,1,0,4,0,0
15,0,4,0,0,2,2,0,6,0,0,0,0,4,0,0,1,0,0
8,0,1,0,0,0,2,0,2,0,0,0,0,1,0,0,1,0,0
19,1,3,1,1,1,5,0,3,2,0,1,0,2,1,0,1,0,0
43,2,4,2,0,3,12,0,9,0,0,2,2,8,0,0,4,0,0
55,4,7,4,1,0,7,0,12,1,0,1,0,12,4,0,7,0,0
8,0,2,0,1,0,2,0,2,0,0,0,0,2,0,0,0,0,0
10,0,1,0,0,0,3,0,2,0,0,1,0,3,1,0,1,0,0
5,1,0,1,1,0,1,0,1,0,0,0,0,1,0,0,0,0,0
28,1,4,1,1,2,2,0,5,1,0,3,0,4,2,0,6,0,0
14,0,0,0,0,1,3,0,2,0,0,2,0,1,1,0,5,0,0
19,0,2,0,0,0,3,0,5,0,0,3,1,2,1,0,4,0,0
23,0,5,0,0,0,4,0,4,0,0,6,0,1,0,0,2,0,0
19,0,2,0,0,1,4,0,3,0,0,0,3,4,0,0,4,0,0
15,0,2,0,0,1,2,0,3,2,0,0,1,2,0,0,3,0,0
44,2,6,2,2,1,4,0,6,0,0,3,0,9,4,0,8,0,0
19,1,1,1,0,0,3,0,3,0,0,3,0,1,1,0,4,0,0
18,0,3,0,0,0,5,0,3,1,0,2,0,2,1,0,2,0,0
17,2,3,2,0,1,3,0,5,0,0,0,0,1,0,0,2,0,0
20,1,2,1,0,1,3,0,4,0,0,1,1,3,1,0,4,0,0
26,1,4,1,0,2,3,0,5,0,0,0,6,6,1,0,2,0,0
12,1,1,1,1,0,3,0,1,1,0,2,0,1,0,0,1,0,0
16,0,3,0,0,1,3,0,4,0,0,1,0,2,1,0,3,0,0
7,0,0,0,0,0,1,0,2,0,0,1,1,2,0,0,1,0,0
13,0,0,0,0,1,2,0,3,0,0,3,0,3,0,0,4,0,0
26,0,4,0,0,1,3,0,4,2,0,3,0,3,2,0,4,0,0
38,5,8,5,2,0,3,0,8,0,0,5,0,2,1,0,3,0,0
12,1,0,1,0,0,3,0,1,0,0,3,2,1,0,0,2,0,0
23,1,4,1,0,1,5,0,6,0,0,2,0,3,1,0,3,0,0
40,4,3,4,4,3,9,0,11,0,0,2,2,8,0,0,2,0,0
6,0,0,0,0,1,0,0,0,0,0,2,0,2,0,0,3,0,0
28,3,5,3,1,0,2,0,4,0,0,2,4,4,0,0,3,0,0
7,1,1,1,1,0,1,0,1,0,0,1,0,1,0,0,0,0,0
22,0,5,0,0,0,4,0,5,0,0,0,3,4,0,0,2,0,0
10,0,2,0,0,0,3,0,3,1,0,0,0,1,0,0,1,0,0
28,4,5,4,0,1,7,0,7,0,0,1,0,2,0,0,1,0,0
12,1,3,1,0,0,3,0,4,0,0,1,0,1,0,0,0,0,0
42,3,6,3,1,1,8,0,9,0,0,1,1,2,5,0,5,0,0
19,0,1,0,1,2,2,0,2,0,0,1,0,3,2,0,6,0,0
18,1,4,1,0,0,4,0,4,0,0,0,3,3,0,0,2,0,0
15,0,2,0,0,2,4,0,4,0,0,0,0,3,0,0,1,0,0
30,4,3,4,1,1,4,0,5,0,0,3,0,3,1,0,6,0,0
52,2,8,2,0,2,11,0,9,1,0,2,3,6,2,0,6,0,0
7,0,0,0,0,0,1,0,1,0,0,1,0,1,1,0,2,0,0
19,0,3,0,0,1,4,0,5,0,0,1,3,2,0,0,1,0,0
7,0,0,0,1,0,1,0,1,0,0,1,0,3,0,0,0,0,0
65,5,8,5,2,3,9,0,12,2,0,3,5,15,1,0,6,0,0
8,0,1,0,1,0,2,0,1,1,0,0,0,2,0,0,0,0,0
17,1,3,1,1,2,2,0,2,0,0,0,3,4,0,0,1,0,0
18,1,1,1,2,3,1,0,1,0,0,2,0,4,2,0,3,0,0
8,0,1,0,1,0,1,0,3,0,0,1,0,1,0,0,1,0,0
21,2,3,2,0,1,6,0,6,0,0,1,0,1,0,0,2,0,0
18,1,3,1,1,1,2,0,3,0,0,3,0,2,0,0,2,0,0
8,0,1,0,0,0,2,0,1,0,0,1,0,1,1,0,2,0,0
12,0,2,0,1,1,2,0,2,0,0,0,0,1,1,0,2,0,0
10,1,2,1,0,0,0,0,1,0,0,1,3,2,0,0,2,0,0
46,2,7,2,2,2,8,0,8,0,0,5,0,5,1,0,9,0,0
27,2,4,2,1,2,4,0,5,0,0,0,3,1,0,0,4,0,0
4,0,0,0,0,0,0,0,0,0,0,1,0,2,0,0,1,0,0
45,4,4,4,2,1,9,0,8,2,0,5,0,9,1,0,4,0,0
21,1,2,1,2,1,3,0,4,0,0,3,0,4,0,0,4,0,0
13,0,1,0,1,0,3,0,4,0,0,0,2,3,1,0,1,0,0
18,2,4,2,1,1,1,0,3,0,0,2,1,2,0,0,3,0,0
3,0,0,0,0,0,0,0,1,0,0,0,0,4,0,0,0,0,0
7,1,1,1,0,1,1,0,0,0,0,1,1,1,0,0,1,0,0
12,3,1,3,0,1,1,0,2,0,0,1,0,1,0,0,1,0,0
26,1,3,1,0,0,7,0,8,0,0,1,0,3,0,0,5,0,0
39,5,7,5,0,5,4,0,6,0,0,3,0,3,1,0,5,0,0
30,4,6,4,0,0,8,0,7,0,0,1,0,9,1,0,2,0,0
31,0,2,0,0,4,2,0,8,0,0,5,0,10,2,0,4,0,0
27,3,3,3,0,0,3,0,12,0,0,2,2,13,0,0,4,0,0
19,0,3,0,0,1,4,0,6,0,0,1,2,1,0,0,2,0,0
58,5,9,5,1,3,10,0,13,0,0,7,1,6,1,0,5,0,0
35,4,3,4,2,1,5,0,6,1,0,5,0,7,0,0,4,0,0
17,1,2,1,0,0,3,0,3,0,0,1,1,2,1,0,3,0,0
24,0,1,0,0,1,3,0,4,0,0,2,0,2,4,0,6,0,0
6,0,1,0,0,0,0,0,1,0,0,0,2,1,0,0,0,0,0
32,2,5,2,1,1,5,0,6,0,0,2,1,1,1,0,6,0,0
15,1,3,1,1,0,2,0,2,0,0,2,0,5,1,0,0,0,0
4,0,0,0,1,0,0,0,0,0,0,2,0,2,0,0,1,0,0
14,1,1,1,1,1,0,0,0,0,0,2,0,3,2,0,3,0,0
7,1,0,1,2,1,0,0,0,0,0,0,0,1,1,0,0,0,0
19,1,4,1,1,0,3,0,7,2,0,0,0,7,0,0,1,0,0
7,0,0,0,0,1,2,0,1,0,0,0,1,1,0,0,1,0,0
13,0,2,0,0,1,3,0,2,0,0,1,0,1,1,0,3,0,0
86,6,6,6,4,1,14,0,18,1,0,4,1,23,8,0,5,0,0
25,3,2,3,1,1,3,0,4,0,0,1,0,3,2,0,3,0,0
12,0,2,0,0,1,2,0,2,0,0,1,0,1,0,0,4,0,0
6,0,1,0,0,0,1,0,2,0,0,0,0,1,0,0,2,0,0
26,1,3,1,0,1,7,0,4,0,0,1,2,5,1,0,3,0,0
11,1,1,1,0,0,1,0,3,0,0,0,1,4,0,0,1,0,0
8,1,1,1,0,0,2,0,2,0,0,0,0,1,0,0,1,0,0
23,1,3,1,1,1,4,0,6,1,0,1,1,3,1,0,2,0,0
31,3,6,3,0,0,6,0,5,0,0,1,4,3,0,0,3,0,0
13,0,3,0,0,0,3,0,4,0,0,0,2,1,0,0,1,0,0
10,0,1,0,0,0,2,0,2,0,0,2,0,1,1,0,2,0,0
17,4,2,4,2,2,2,0,1,0,0,0,0,1,1,0,1,0,0
10,1,0,1,0,0,2,0,2,0,0,0,2,2,1,0,1,0,0
41,0,5,0,1,2,6,0,10,0,0,5,1,1,3,0,6,0,0
17,1,3,1,0,0,4,0,2,0,0,1,3,3,0,0,1,0,0
14,0,1,0,1,1,1,0,2,0,0,0,1,2,1,0,5,0,0
20,0,3,0,0,1,6,0,4,0,0,1,1,2,0,0,3,0,0
27,1,4,1,0,1,2,0,4,0,0,6,0,3,2,0,7,0,0
4,0,0,0,0,0,1,0,1,0,0,1,0,1,0,0,1,0,0
8,0,1,0,1,0,1,0,0,0,0,0,3,3,0,0,0,0,0
18,2,0,2,1,1,0,0,0,0,0,2,0,3,1,0,5,0,0
31,4,6,4,0,2,5,0,7,0,0,3,1,2,0,0,3,0,0
52,4,2,4,1,3,4,0,6,0,0,7,0,6,5,0,16,0,0
28,0,4,0,1,1,3,0,5,0,0,5,2,3,1,0,5,0,0
17,2,2,2,1,1,3,0,2,0,0,4,0,1,0,0,2,0,0
26,1,1,1,2,3,4,0,3,2,0,1,0,2,1,0,5,0,0
24,0,4,0,1,0,4,0,4,0,0,1,6,6,1,0,2,0,0
24,1,4,1,1,1,5,0,6,0,0,1,2,2,0,0,1,0,0
45,2,4,2,0,3,11,0,10,1,0,3,1,3,1,0,4,0,0
18,1,2,1,1,0,4,0,4,0,0,0,0,2,0,0,2,0,0
15,0,3,0,0,0,2,0,3,0,0,1,2,2,0,0,2,0,0
8,1,1,1,0,0,3,0,1,0,0,0,0,2,0,0,1,0,0
32,0,3,0,1,1,6,0,5,0,0,4,1,10,0,0,5,0,0
9,0,1,0,0,0,2,0,3,0,0,0,0,2,0,0,1,0,0
22,1,2,1,2,1,3,0,5,0,0,1,0,4,3,0,4,0,0
6,1,1,1,0,0,0,0,1,0,0,0,2,1,0,0,1,0,0
8,1,1,1,0,0,2,0,2,0,0,0,0,1,0,0,2,0,0
5,1,0,1,0,0,1,0,1,0,0,0,0,1,0,0,2,0,0
31,1,7,1,2,1,5,0,8,0,0,0,5,5,0,0,0,0,0
7,0,0,0,1,0,0,0,0,0,0,1,0,2,1,0,2,0,0
12,0,1,0,0,1,2,0,2,0,0,2,0,2,1,0,2,0,0
8,0,1,0,0,0,2,0,2,0,0,1,0,2,0,0,2,0,0
11,0,0,0,0,0,2,0,3,0,0,1,0,2,0,0,2,0,0
42,2,8,2,1,3,6,0,11,0,0,1,2,6,0,0,4,0,0
29,0,3,0,1,1,5,0,7,0,0,0,2,3,2,0,5,0,0
5,0,1,0,0,0,0,0,1,0,0,2,0,1,0,0,1,0,0
15,1,2,1,1,1,2,0,3,0,0,0,0,2,1,0,3,0,0
22,3,2,3,1,2,1,0,5,0,0,2,0,4,0,0,4,0,0
16,0,0,0,3,0,0,0,0,5,0,3,0,2,1,0,1,0,0
9,1,0,1,1,0,0,0,0,0,0,3,0,3,0,0,1,0,0
22,0,4,0,0,0,5,0,4,0,0,4,0,2,1,0,3,0,0
14,0,2,0,0,1,0,0,2,0,0,2,0,3,1,0,6,0,0
12,0,2,0,0,1,1,0,2,0,0,1,0,2,0,0,2,0,0
18,0,1,0,1,2,4,0,6,0,0,0,2,5,0,0,0,0,0
12,0,2,0,1,0,2,0,3,0,0,0,1,3,1,0,1,0,0
32,0,9,0,0,0,5,0,9,2,0,0,0,7,0,0,3,0,0
4,1,0,1,0,0,0,0,2,0,0,0,1,4,0,0,0,0,0
12,1,2,1,0,0,1,0,2,0,0,3,0,2,0,0,2,0,0
23,1,1,1,3,2,2,0,2,0,0,1,2,4,1,0,3,0,0
6,0,1,0,1,0,2,0,2,0,0,0,0,1,0,0,0,0,0
20,3,2,3,0,0,4,0,3,0,0,1,1,2,1,0,2,0,0
22,3,1,3,2,0,1,0,3,1,0,1,8,5,0,0,2,0,0
13,3,0,3,0,0,1,0,0,0,0,0,1,1,0,0,0,8,0
15,1,0,1,1,0,2,0,2,0,0,3,0,2,2,0,4,0,0
3,0,0,0,0,0,0,0,1,0,0,0,1,2,0,0,0,0,0
16,3,2,3,0,1,1,0,1,0,0,0,1,1,2,0,3,0,0
21,1,2,1,2,0,4,0,4,0,0,2,1,2,2,0,3,0,0
46,6,9,6,0,3,10,0,11,0,0,0,0,5,2,0,5,0,0
24,4,3,4,1,0,5,0,5,0,0,1,0,1,1,0,1,0,0
3,0,0,0,0,0,0,0,1,0,0,0,0,2,0,0,0,0,0
43,0,5,0,1,1,9,0,8,0,0,0,3,7,3,0,7,0,0
29,3,4,3,2,0,5,0,6,0,0,3,1,3,1,0,2,0,0
19,0,1,0,3,2,3,0,3,0,0,2,0,2,1,0,3,0,0
35,2,5,2,2,1,7,0,5,1,0,1,1,2,3,0,6,0,0
18,0,2,0,0,0,4,0,3,0,0,1,1,4,1,0,3,0,0
139,8,18,8,4,5,27,0,27,2,0,10,2,20,4,0,17,0,0
22,4,2,4,2,2,2,0,4,0,0,1,0,3,2,0,1,0,0
15,0,1,0,1,1,3,0,4,0,0,0,0,5,0,0,1,0,0
10,0,2,0,0,1,0,0,1,0,0,1,0,1,1,0,3,0,0
23,0,3,0,0,1,5,0,6,0,0,1,0,4,2,0,5,0,0
22,0,1,0,0,0,4,0,3,0,0,2,1,2,3,0,5,0,0
13,1,2,1,1,0,2,0,1,0,0,0,5,1,0,0,1,0,0
26,2,3,2,3,1,2,0,2,1,0,3,0,3,3,0,2,0,0
32,1,4,1,1,0,8,0,8,0,0,3,1,3,2,0,4,0,0
56,1,8,1,4,2,11,0,10,0,0,5,4,4,1,0,7,0,0
7,0,2,0,0,0,2,0,1,0,0,0,2,1,0,0,0,0,0
20,0,2,0,1,0,4,0,5,2,0,1,2,1,0,0,2,0,0
11,0,2,0,1,1,0,0,3,0,0,1,1,1,1,0,1,0,0
13,1,1,1,0,1,2,0,3,1,0,1,0,1,0,0,3,0,0
3,0,0,0,0,1,0,0,0,0,0,0,2,2,0,0,0,0,0
15,1,0,1,1,1,3,0,3,0,0,4,0,2,0,0,1,0,0
22,1,2,1,0,1,1,0,3,0,0,2,5,6,0,0,3,0,0
10,0,0,0,1,1,0,0,1,0,0,0,1,2,2,0,3,0,0
10,0,0,0,0,0,1,0,1,0,0,2,0,1,1,0,4,0,0
30,0,6,0,0,0,6,0,7,0,0,2,2,2,1,0,3,0,0
7,0,2,0,0,0,0,0,2,0,0,0,0,4,0,0,0,0,0
7,0,0,0,1,1,1,0,2,0,0,0,0,1,0,0,0,0,0
11,0,0,0,0,0,1,0,1,0,0,3,0,1,1,0,4,0,0
21,0,2,0,1,1,3,0,3,1,0,0,6,5,0,0,2,0,0
26,1,2,1,2,1,3,0,4,0,0,2,2,3,1,0,2,0,0
23,2,4,2,2,1,3,0,3,0,0,1,2,2,0,0,2,0,0
6,0,0,0,0,0,0,0,0,0,0,2,0,3,1,0,1,0,0
24,2,3,2,1,2,2,0,3,0,0,0,0,4,4,0,5,0,0
8,1,1,1,0,1,2,0,1,0,0,1,0,1,0,0,0,0,0
15,1,2,1,0,1,2,0,2,0,0,0,2,1,1,0,4,0,0
17,3,2,3,1,2,3,0,1,0,0,1,0,0,0,0,4,0,0
16,2,1,2,1,2,4,0,4,0,0,0,0,2,0,0,1,0,0
6,1,1,1,1,0,0,0,1,1,0,1,0,1,0,0,0,0,0
36,2,6,2,2,1,5,0,8,0,0,2,0,4,3,0,6,0,0
31,2,4,2,0,3,6,0,7,0,0,0,3,1,0,0,4,0,0
31,2,5,2,0,1,5,0,3,0,0,3,1,7,1,0,4,0,0
12,0,2,0,1,1,3,0,3,0,0,0,0,3,0,0,2,0,0
5,0,0,0,0,0,1,0,1,0,0,0,2,1,0,0,1,0,0
18,0,1,0,0,1,3,0,3,0,0,3,0,3,1,0,4,0,0
18,0,4,0,0,1,2,0,3,0,0,3,0,2,0,0,2,0,0
14,2,1,2,2,0,3,0,1,0,0,3,1,1,0,0,0,0,0
15,1,1,1,1,0,3,0,4,0,0,1,1,4,1,0,1,0,0
22,2,2,2,1,0,3,0,3,0,0,3,2,3,1,0,2,0,0
26,3,3,3,1,2,2,0,4,0,0,3,0,3,1,0,4,0,0
19,0,3,0,0,0,5,0,5,0,0,2,0,1,1,0,3,0,0
3,0,0,0,1,0,0,0,1,0,0,0,0,1,0,0,1,0,0
8,1,1,1,0,0,1,0,1,0,0,2,0,1,0,0,1,0,0
4,0,0,0,0,1,0,0,2,1,0,0,0,1,0,0,0,0,0
76,9,10,9,2,3,16,0,16,0,0,5,0,11,3,0,7,0,0
26,0,3,0,0,0,3,0,4,2,0,2,2,4,2,0,5,0,0
31,1,2,1,1,1,9,0,7,0,0,2,1,8,1,0,1,0,0
10,0,1,0,1,1,1,0,2,0,0,2,0,2,0,0,2,0,0
9,0,1,0,0,1,1,0,1,0,0,2,0,3,0,0,0,0,0
69,3,9,3,2,1,15,0,19,0,0,7,0,11,1,0,6,0,0
4,1,0,1,0,0,0,0,1,1,0,0,2,2,0,0,0,0,0
26,3,3,3,3,1,4,0,4,0,0,3,0,3,0,0,2,0,0
23,0,3,0,0,2,2,0,5,0,0,1,3,2,1,0,5,0,0
25,2,4,2,1,1,4,0,5,1,0,2,3,3,0,0,1,0,0
30,2,5,2,1,0,7,0,8,0,0,1,0,3,1,0,2,0,0
20,0,2,0,2,1,1,0,1,0,0,6,0,2,0,0,2,0,0
39,3,9,3,0,1,9,0,8,0,0,1,2,1,3,0,3,0,0
23,3,2,3,0,1,4,0,3,0,0,1,0,2,2,0,5,0,0
12,0,3,0,1,0,2,0,2,1,0,2,0,1,0,0,0,0,0
6,1,0,1,0,0,1,0,1,0,0,1,1,1,0,0,1,0,0
31,0,5,0,2,1,7,0,7,2,0,0,1,4,2,0,4,0,0
9,0,2,0,0,0,1,0,1,0,0,2,2,1,0,0,1,0,0
11,0,3,0,0,0,2,0,5,0,0,0,0,1,0,0,2,0,0
15,2,1,2,0,1,2,0,3,0,0,2,1,3,1,0,2,0,0
7,0,1,0,0,0,1,0,1,0,0,0,0,1,0,0,2,0,0
10,0,0,0,0,0,0,0,1,0,0,0,2,1,1,0,4,0,0
4,0,0,0,0,0,0,0,0,0,0,0,1,0,0,0,0,0,0
15,2,3,2,1,0,2,0,4,0,0,2,0,1,0,0,1,0,0
22,0,0,0,1,0,2,0,2,0,0,0,14,3,0,0,2,1,0
35,3,3,3,0,1,7,0,7,0,0,3,1,3,2,0,6,0,0
15,1,2,1,1,0,4,0,4,0,0,0,0,2,0,0,2,0,0
29,2,4,2,0,2,8,0,4,0,0,1,4,2,0,0,4,0,0
25,2,4,2,2,0,6,0,5,0,0,1,3,3,0,0,1,0,0
17,2,3,2,1,1,4,0,3,0,0,0,3,1,0,0,0,0,0
12,2,1,2,0,0,2,0,2,0,0,0,0,3,1,0,2,0,0
48,3,7,3,3,2,10,0,9,2,0,0,0,3,3,0,8,0,0
34,2,4,2,1,0,4,0,5,0,0,4,2,5,3,0,6,0,0
26,1,3,1,2,1,5,0,5,0,0,1,0,4,1,0,6,0,0
17,0,3,0,1,0,3,0,2,2,0,2,0,2,1,0,1,0,0
9,0,1,0,1,0,3,0,2,1,0,0,0,1,0,0,1,0,0
16,0,2,0,0,1,2,0,2,0,0,2,1,2,1,0,3,0,0
15,0,2,0,0,2,4,0,4,0,0,1,0,1,0,0,2,0,0
6,0,0,0,0,0,0,0,0,0,0,2,0,1,1,0,2,0,0
5,0,0,0,0,0,0,0,1,0,0,0,0,1,0,0,3,0,0
21,2,2,2,1,2,3,0,5,0,0,1,0,1,0,0,4,0,0
9,0,2,0,0,0,3,0,3,0,0,0,0,1,0,0,1,0,0
17,2,3,2,0,0,0,0,2,0,0,3,0,2,0,0,4,0,0
13,0,1,0,0,0,2,0,2,0,0,3,0,2,1,0,2,0,0
11,0,2,0,1,1,3,0,2,0,0,1,0,1,0,0,1,0,0
12,1,4,1,0,1,1,0,1,0,0,1,2,1,0,0,1,0,0
51,5,8,5,1,1,10,0,12,0,0,4,0,4,2,0,5,0,0
28,1,5,1,3,2,5,0,6,0,0,2,1,6,0,0,2,0,0
21,1,4,1,0,0,4,0,3,0,0,3,0,2,1,0,4,0,0
7,0,1,0,0,1,0,0,1,0,0,1,0,1,0,0,2,0,0
9,0,0,0,1,0,2,0,1,0,0,3,0,1,0,0,1,0,0
48,1,8,1,1,1,12,0,12,1,0,0,0,8,2,0,4,0,0
10,1,0,1,2,1,0,0,1,0,0,0,0,2,1,0,2,0,0
18,2,1,2,2,1,3,0,1,0,0,1,3,2,1,0,1,0,0
17,0,2,0,1,0,4,0,3,1,0,2,1,3,0,0,1,0,0
7,1,2,1,0,1,1,0,1,0,0,1,0,1,0,0,0,0,0
16,1,2,1,1,1,2,1,1,0,0,1,3,4,0,0,1,0,0
51,3,12,3,0,1,10,0,12,0,0,0,2,5,3,0,5,0,0
6,0,0,0,0,0,0,0,0,0,0,1,0,1,1,0,3,0,0
33,2,4,2,0,0,5,0,7,1,0,1,2,3,4,0,5,0,0
26,2,3,2,1,2,5,0,6,0,0,2,0,2,1,0,2,0,0
38,0,4,0,3,4,6,0,5,1,0,2,0,7,2,0,8,0,0
5,1,0,1,0,0,0,0,1,0,0,0,0,1,1,0,1,0,0
7,0,0,0,0,0,0,0,0,0,0,0,7,1,0,0,0,0,0
20,1,2,1,1,0,3,0,4,0,0,1,0,2,2,0,3,0,0
11,0,0,0,0,0,1,0,1,0,0,3,0,1,1,0,4,0,0
26,1,3,1,2,0,4,0,4,0,0,2,2,4,1,0,3,0,0
31,0,3,0,1,3,4,0,4,1,0,2,0,7,1,0,7,0,0
38,0,5,0,0,2,7,0,5,0,0,2,4,5,2,0,4,0,0
13,0,3,0,0,1,4,0,4,0,0,0,0,5,0,0,0,0,0
11,2,1,2,1,1,1,0,2,0,0,1,0,3,0,0,1,0,0
7,0,1,0,1,0,1,0,2,1,0,0,0,1,0,0,1,0,0
7,1,0,1,1,1,0,0,0,1,0,2,0,2,0,1,0,0,0
28,0,5,0,1,3,3,0,8,0,0,1,0,3,1,0,4,0,0
10,0,1,0,0,0,2,0,3,0,0,1,1,2,0,0,1,0,0
23,1,6,1,0,1,4,0,7,0,0,2,0,4,0,0,2,0,0
29,0,4,0,1,1,4,0,7,0,0,4,0,3,1,0,5,0,0
26,2,4,2,0,2,3,0,7,0,0,2,0,8,1,0,2,0,0
14,1,3,1,0,0,3,0,3,0,0,0,0,1,1,0,2,0,0
25,1,1,1,0,1,3,0,3,0,0,3,1,3,3,0,8,0,0
8,1,2,1,0,0,1,0,2,0,0,1,0,1,0,0,1,0,0
19,0,2,0,1,0,3,0,3,0,0,5,0,1,1,0,4,0,0
19,1,2,1,0,0,4,0,4,0,0,1,0,2,1,0,5,0,0
25,2,2,2,2,2,3,0,5,0,0,2,0,4,0,0,5,0,0
29,1,6,1,2,1,6,0,8,0,0,2,0,4,0,0,3,0,0
14,1,0,1,2,1,0,0,2,0,0,4,0,2,1,0,2,0,0
31,2,5,2,4,1,3,0,5,0,0,4,4,5,1,0,2,0,0
25,4,0,4,1,2,5,0,6,0,0,0,0,5,1,0,2,0,0
24,1,4,1,0,0,6,0,5,0,0,1,2,1,0,0,3,0,0
3,0,0,0,0,0,0,0,0,0,0,1,0,1,0,0,1,0,0
42,5,6,5,0,2,7,0,9,0,0,4,2,5,0,0,6,0,0
17,0,1,0,1,1,2,0,1,0,0,2,2,9,0,0,1,0,0
47,5,8,5,1,3,10,0,10,0,0,4,0,3,0,0,4,0,0
6,0,1,0,0,0,1,0,1,0,0,1,0,1,0,0,2,0,0
10,0,0,0,0,1,1,0,1,0,0,2,0,5,0,0,2,0,0
4,1,0,1,0,0,1,0,1,0,0,0,0,1,0,0,0,0,0
27,3,5,3,2,0,4,0,5,0,0,2,0,5,2,0,3,0,0
35,2,6,2,1,1,7,0,10,0,0,2,0,5,1,0,2,0,0
6,0,0,0,1,0,2,0,1,0,0,0,0,3,0,0,0,0,0
24,1,3,1,2,0,7,0,6,0,0,0,1,2,0,0,2,0,0
7,1,0,1,0,0,1,0,1,0,0,0,0,1,1,0,1,0,0
36,0,8,0,0,3,3,0,12,0,0,1,2,8,0,0,2,0,0
20,0,3,0,1,0,7,0,6,0,0,0,0,3,1,0,1,0,0
58,5,4,5,2,4,9,0,6,0,0,4,0,3,9,0,10,0,0
23,3,4,3,1,1,2,0,6,1,0,1,0,2,1,1,1,0,0
16,1,4,1,0,0,4,0,4,0,0,0,0,2,0,0,1,0,0
14,1,0,1,2,0,1,0,1,0,0,1,0,1,3,0,3,0,0
22,5,2,5,1,0,3,0,3,0,0,1,0,6,0,0,3,0,0
38,3,6,3,1,1,5,0,7,0,0,4,0,3,3,0,6,0,0
21,1,4,1,1,0,2,0,5,0,0,2,1,4,1,0,3,0,0
28,1,3,1,0,0,5,0,6,0,0,2,0,3,4,0,6,0,0
8,0,1,0,1,1,2,0,1,0,0,1,0,1,0,0,1,0,0
29,1,3,1,2,1,4,0,6,0,0,3,0,2,1,0,5,0,0
35,2,5,2,2,2,3,0,6,0,0,4,0,4,2,0,6,0,0
10,1,1,1,2,1,1,0,1,0,0,0,0,3,0,0,1,0,0
33,3,5,3,0,2,7,0,8,0,0,1,0,3,2,0,3,0,0
48,5,5,5,4,2,7,0,7,1,0,6,2,6,2,0,5,0,0
19,0,3,0,1,1,2,0,5,0,0,2,0,5,0,0,3,0,0
8,0,1,0,0,1,0,0,0,0,0,1,0,1,1,0,2,0,0
9,2,1,2,0,1,2,0,2,0,0,0,0,1,0,0,1,0,0
16,1,2,1,0,1,2,0,2,0,0,3,1,3,0,0,3,0,0
20,0,1,0,0,2,2,0,4,0,0,3,2,3,1,0,5,0,0
25,2,3,2,1,0,3,0,4,0,0,3,1,4,2,0,4,0,0
12,0,2,0,2,1,2,0,3,0,0,1,0,1,0,0,0,0,0
33,2,6,2,1,1,6,0,7,1,0,2,2,1,0,0,3,0,0
14,4,2,4,0,0,1,0,4,0,0,0,2,4,0,0,0,0,0
26,1,3,1,1,1,3,0,4,0,0,2,3,2,2,0,3,0,0
15,1,2,1,0,0,4,0,4,0,0,0,0,3,0,0,2,0,0
7,0,2,0,0,0,0,0,1,1,0,0,1,1,0,0,1,0,0
15,1,2,1,0,2,1,0,4,0,0,0,1,5,0,0,2,0,0
6,1,0,1,1,0,2,0,2,0,0,0,0,1,0,0,0,0,0
13,1,1,1,0,1,2,0,3,0,0,1,0,2,1,0,1,0,0
19,2,1,2,0,0,3,0,2,0,0,3,1,1,1,0,4,0,0
13,0,3,0,0,0,1,0,3,0,0,1,1,1,1,0,2,0,0
6,0,1,0,0,0,1,0,2,0,0,0,0,1,0,0,1,0,0
14,2,1,2,2,1,3,0,3,0,0,0,0,1,1,0,1,0,0
39,0,4,0,3,2,5,0,5,0,0,2,1,1,7,0,9,0,0
50,3,10,3,0,2,10,0,10,0,0,2,4,6,1,0,4,0,0
42,3,6,3,2,1,7,0,7,0,0,6,0,6,0,0,5,0,0
17,1,2,1,1,0,5,0,3,0,0,1,0,1,0,0,3,0,0
38,1,7,1,1,1,6,0,8,1,0,5,1,5,1,0,5,0,0
19,1,1,1,1,1,5,0,2,0,0,1,0,3,2,0,3,0,0
13,3,0,3,0,1,2,0,2,0,0,0,2,1,1,0,2,0,0
25,1,3,1,0,0,5,0,4,0,0,2,2,3,1,0,4,0,0
24,0,2,0,1,1,4,0,4,0,0,2,1,4,2,0,4,0,0
25,2,5,2,1,1,3,0,5,1,0,0,3,1,0,0,2,0,0
56,2,4,2,6,3,8,0,12,0,0,2,2,7,3,0,9,0,0
19,1,3,1,1,0,3,0,2,1,0,0,1,5,0,0,3,0,0
20,2,5,2,0,1,4,0,5,1,0,1,0,1,0,0,1,0,0
45,4,6,4,1,1,6,0,4,0,0,5,0,4,4,0,8,0,0
6,0,1,0,0,0,1,0,1,0,0,2,0,1,0,0,1,0,0
4,0,0,0,0,0,0,0,0,0,0,0,2,3,0,0,0,0,0
11,0,0,0,1,1,1,0,2,0,0,1,4,4,0,0,0,0,0
29,0,2,0,2,1,6,0,7,0,0,5,0,3,1,0,3,0,0
27,1,5,1,1,2,6,0,9,0,0,0,2,3,0,0,1,0,0
27,1,2,1,1,1,3,0,4,1,0,1,1,5,2,0,4,0,0
26,0,2,0,0,0,6,0,5,0,0,1,3,5,3,0,3,0,0
38,4,9,4,0,1,6,0,9,2,0,0,2,3,0,0,4,0,0
17,0,3,0,1,0,3,0,5,1,0,1,0,5,0,0,1,0,0
18,1,3,1,0,1,1,0,3,0,0,2,0,3,1,0,3,0,0
7,2,0,2,1,1,1,0,1,0,0,0,0,1,0,0,0,0,0
10,3,1,3,1,0,1,0,1,0,0,1,0,3,0,0,1,0,0
21,1,3,1,1,0,4,0,3,0,0,2,2,2,1,0,3,0,0
9,0,1,0,0,0,2,0,2,0,0,1,0,1,0,0,2,0,0
34,2,3,2,1,1,8,1,6,0,0,1,2,6,0,0,4,0,0
22,1,2,1,1,0,4,0,4,0,0,1,1,1,2,0,2,0,0
10,0,1,0,0,0,2,0,2,0,0,2,1,2,0,0,1,0,0
6,0,2,0,0,0,0,0,1,1,0,0,0,1,0,0,1,0,0
20,2,1,2,2,1,1,0,2,0,0,2,0,2,3,0,4,0,0
18,0,2,0,1,1,2,0,2,0,0,3,0,2,0,0,5,0,0
29,1,4,1,3,0,4,0,7,0,0,3,0,5,0,0,4,0,0
44,5,6,5,2,1,9,0,8,0,0,5,2,4,0,0,5,0,0
17,0,1,0,1,0,2,0,3,0,0,2,1,3,0,0,4,0,0
15,3,2,3,1,1,4,0,4,0,0,0,0,2,0,0,0,0,0
28,2,4,2,0,3,6,0,7,0,0,4,0,1,0,0,2,0,0
14,0,1,0,1,1,3,0,2,0,0,0,2,1,1,0,2,0,0
20,0,1,0,0,2,2,0,3,0,0,2,3,4,0,0,4,0,0
16,1,1,1,1,1,0,0,4,0,0,1,0,2,1,0,4,0,0
14,0,1,0,1,0,2,0,2,1,0,1,0,3,1,0,3,0,0
30,1,4,1,3,2,4,0,6,1,0,3,0,3,2,0,2,0,0
43,6,6,6,1,3,5,0,9,0,0,1,3,7,1,0,6,0,0
28,3,5,3,1,1,6,0,5,0,0,0,4,2,0,0,3,0,0
10,1,0,1,1,0,2,0,1,0,0,1,0,1,1,0,1,0,0
4,1,0,1,1,1,0,0,0,0,0,0,0,2,0,0,1,0,0
28,0,4,0,2,1,4,0,5,2,0,1,0,2,1,0,5,0,0
9,0,1,0,0,0,0,0,1,1,0,1,0,1,1,0,3,0,0
16,0,2,0,1,0,2,0,1,0,0,4,1,6,0,0,3,0,0
35,1,4,1,1,2,3,0,4,0,0,2,3,7,3,0,6,0,0
23,1,4,1,1,1,4,0,1,0,0,1,7,4,0,0,0,0,0
12,0,1,0,0,0,2,0,2,0,0,3,0,1,1,0,3,0,0
17,1,2,1,2,2,1,0,5,0,0,0,0,3,1,0,2,0,0
25,1,5,1,0,0,6,0,5,0,0,2,0,2,1,0,3,0,0
12,1,0,1,1,0,2,0,1,0,0,2,2,1,2,0,1,0,0
20,1,2,1,0,0,4,0,4,0,0,3,1,4,0,0,3,0,0
14,0,3,0,0,0,2,0,1,0,0,1,4,3,0,0,2,0,0
12,2,2,2,0,1,2,0,2,2,0,0,0,2,0,0,1,0,0
11,1,2,1,0,1,2,0,4,0,0,0,0,2,0,0,1,0,0
4,0,0,0,0,1,0,0,0,0,0,2,0,1,0,0,1,0,0
27,1,2,1,1,3,6,0,6,1,0,1,0,3,1,0,3,0,0
19,1,2,1,0,1,3,0,3,0,0,2,0,3,1,0,3,0,0
19,1,3,1,1,1,3,0,3,1,0,1,3,5,0,0,1,0,0
27,3,4,3,0,2,4,0,4,0,0,0,6,9,0,0,3,0,0
35,2,5,2,2,2,6,0,7,0,0,1,0,4,0,0,3,0,0
12,0,2,0,0,0,1,0,2,0,0,0,4,4,0,0,1,0,0
26,2,2,2,1,2,6,0,8,0,0,2,0,6,0,0,3,0,0
4,0,0,0,0,0,0,0,1,0,0,0,0,0,0,0,0,0,0
11,2,2,2,2,0,1,0,1,0,0,1,0,2,0,0,0,0,0
43,2,4,2,4,2,7,0,9,1,0,4,1,4,1,0,6,0,0
32,3,6,3,0,2,6,0,6,0,0,0,1,7,0,0,2,0,0
29,3,1,3,3,4,5,0,6,0,0,1,1,5,1,0,3,0,0
6,0,2,0,0,0,2,0,1,0,0,0,0,1,0,0,1,0,0
26,3,4,3,1,0,4,0,6,0,0,2,0,3,0,0,4,0,0
9,0,1,0,0,1,1,0,2,1,0,0,0,2,1,0,2,0,0
21,0,5,0,1,0,2,0,4,2,0,3,0,2,0,1,3,0,0
44,2,7,2,3,0,9,0,12,0,0,2,2,8,1,0,3,0,0
15,0,1,0,1,0,2,0,3,1,0,0,1,1,2,0,2,0,0
8,3,0,3,0,1,0,0,1,0,0,0,1,3,0,0,0,0,0
35,1,8,1,0,0,6,0,9,0,0,1,0,8,2,0,4,0,0
5,0,1,0,0,0,1,0,0,1,0,1,0,1,0,0,1,0,0
32,0,3,0,1,2,2,0,2,0,0,4,3,5,1,0,6,0,0
23,1,5,1,1,1,2,0,2,1,0,2,2,7,0,0,3,0,0
22,1,6,1,0,0,5,0,3,1,0,0,4,2,0,0,2,0,0
22,0,4,0,0,1,4,0,5,0,0,0,0,2,1,0,5,0,0
33,0,6,0,2,1,5,0,11,0,0,3,0,3,1,0,3,0,0
20,0,2,0,0,1,3,0,3,0,0,1,3,5,0,0,3,0,0
40,0,5,0,4,3,6,0,7,0,0,2,1,3,1,0,8,0,0
23,1,3,1,1,2,4,0,5,0,0,2,1,2,1,0,2,0,0
31,3,1,3,2,2,6,0,5,0,0,6,0,3,0,0,4,0,0
13,0,2,0,0,1,1,0,3,0,0,0,1,3,1,0,1,0,0
7,0,1,0,0,0,1,0,1,0,0,1,0,2,0,0,2,0,0
30,2,2,2,2,2,5,0,5,0,0,4,0,3,0,0,3,0,0
21,3,2,3,0,2,3,0,3,0,0,1,2,2,1,0,2,0,0
16,1,3,1,1,1,2,0,2,1,0,0,1,1,0,0,2,0,0
11,0,1,0,1,0,2,0,2,2,0,1,0,2,1,0,1,0,0
58,4,6,4,0,2,9,0,9,0,0,2,10,14,1,0,8,0,0
11,4,1,4,0,0,1,0,4,0,0,0,1,5,0,0,0,0,0
26,0,2,0,0,0,6,0,6,0,0,0,0,4,4,0,7,0,0
27,0,2,0,0,4,3,0,3,0,0,5,2,3,1,0,5,0,0
32,1,7,1,1,2,5,0,9,0,0,3,1,4,0,0,2,0,0
5,1,0,1,1,0,1,0,1,0,0,1,0,1,0,0,0,0,0
15,1,1,1,1,1,3,0,3,0,0,1,0,1,1,0,2,0,0
32,3,0,3,2,3,4,0,4,0,0,1,0,6,2,0,5,0,0
14,0,3,0,0,0,1,0,4,1,0,0,0,3,2,0,2,0,0
12,0,1,0,1,0,0,0,0,0,0,4,0,2,1,0,2,0,0
50,5,6,5,1,2,10,0,11,0,0,4,0,6,2,0,6,0,0
6,0,1,0,0,0,2,0,2,0,0,0,1,1,0,0,0,0,0
20,2,2,2,0,1,0,0,2,0,0,2,1,4,0,0,6,0,0
25,1,3,1,1,0,4,0,5,0,0,3,1,2,2,0,2,0,0
25,4,2,4,0,1,3,0,4,0,0,5,0,5,1,0,5,0,0
24,1,0,1,2,1,3,0,3,0,0,6,0,4,1,0,5,0,0
14,2,2,2,1,1,3,0,4,0,0,0,0,3,0,0,0,0,0
35,2,4,2,2,3,5,0,4,0,0,7,1,3,0,0,5,0,0
13,1,1,1,0,1,1,0,0,0,0,3,2,2,0,0,3,0,0
15,1,1,1,1,0,1,0,1,0,0,1,2,2,1,0,3,0,0
27,1,1,1,3,1,4,0,4,0,0,4,0,2,2,0,4,0,0
14,0,3,0,1,0,5,0,4,0,0,0,0,2,0,0,1,0,0
26,0,5,0,0,0,6,0,7,0,0,0,0,3,1,0,5,0,0
22,2,3,2,1,0,2,0,3,0,0,2,0,3,2,0,4,0,0
15,1,3,1,1,0,4,0,3,0,0,0,0,2,0,0,2,0,0
14,2,0,2,0,0,4,0,4,0,0,1,0,3,0,0,2,0,0
18,3,1,3,1,3,1,0,4,0,0,1,0,2,0,0,1,1,0
28,2,3,2,2,1,3,0,5,0,0,1,1,2,3,0,5,0,0
25,0,3,0,0,1,6,0,6,0,0,2,2,4,0,0,4,0,0
21,0,5,0,0,2,2,0,6,0,0,3,0,2,1,0,2,0,0
10,0,2,0,0,0,1,0,1,0,0,3,1,1,0,0,2,0,0
11,0,0,0,1,0,0,0,0,0,0,2,0,1,1,0,3,0,0
14,3,1,3,0,1,2,0,2,0,0,0,0,3,0,0,1,0,0
14,1,0,1,1,1,1,0,1,0,0,0,2,1,2,0,4,0,0
16,1,2,1,1,1,2,0,1,0,0,2,0,3,1,0,3,0,0
19,2,3,2,0,1,3,0,2,0,0,3,0,1,0,0,2,0,0
37,1,3,1,1,1,4,0,6,1,0,2,9,9,2,0,6,0,0
15,1,0,1,1,0,1,0,2,0,0,1,1,1,2,0,3,0,0
4,0,0,0,1,0,0,0,0,1,0,0,1,1,0,0,1,0,0
17,0,2,0,1,1,5,0,4,0,0,1,0,2,0,0,3,0,0
39,2,6,2,0,2,8,0,10,0,0,4,0,2,2,0,4,0,0
17,0,2,0,0,2,3,0,3,0,0,0,5,3,0,0,1,0,0
9,0,2,0,1,0,2,0,1,0,0,0,2,1,0,0,1,0,0
52,3,8,3,3,3,8,0,10,0,0,6,0,6,1,0,5,0,0
11,2,1,2,1,0,4,0,2,0,0,0,0,1,0,0,0,0,0
21,2,2,2,0,1,4,0,3,0,0,2,2,1,0,0,4,0,0
28,2,4,2,3,2,4,0,5,1,0,1,0,2,1,0,2,0,0
27,1,3,1,0,1,4,0,8,0,0,3,0,9,0,0,4,0,0
16,1,2,1,1,0,3,0,2,0,0,1,3,3,1,0,1,0,0
13,2,0,2,0,1,1,0,2,0,0,1,1,4,0,0,2,0,0
9,0,1,0,0,0,0,0,1,1,0,2,0,1,0,0,2,0,0
6,0,1,0,1,0,1,0,1,0,0,0,2,1,0,0,0,0,0
5,0,1,0,0,0,1,0,1,0,0,0,1,2,0,0,1,0,0
35,2,5,2,1,0,7,0,9,0,0,2,3,5,0,0,3,0,0
16,1,2,1,0,1,2,0,3,0,0,2,1,1,1,0,2,0,0
2,1,0,1,0,0,0,0,0,0,0,0,0,1,0,0,1,0,0
39,2,7,2,1,1,9,0,7,0,0,1,5,5,1,0,4,0,0
19,3,1,3,1,0,4,0,3,0,0,2,1,1,2,0,2,0,0
10,1,1,1,0,0,2,0,2,0,0,0,0,1,1,0,2,0,0
40,4,6,4,1,1,9,0,7,2,0,1,6,6,0,0,2,0,0
21,1,3,1,0,1,5,0,6,0,0,1,2,1,0,0,1,0,0
70,9,6,9,0,3,6,0,12,0,0,3,10,19,2,0,6,0,0
28,0,3,0,0,1,8,0,10,0,0,1,0,9,1,0,2,0,0
19,1,2,1,2,1,2,0,2,0,0,1,1,2,1,0,2,0,0
42,2,6,2,2,2,7,0,8,0,0,3,0,4,3,0,4,0,0
57,7,10,7,0,1,9,0,15,0,0,5,0,9,1,0,5,0,0
6,0,0,0,0,1,1,0,0,0,0,2,1,1,0,0,1,0,0
40,2,5,2,2,1,8,0,10,1,0,3,0,3,3,0,4,0,0
8,0,2,0,1,0,2,0,2,0,0,0,0,1,0,0,1,0,0
10,0,1,0,0,0,1,0,4,0,0,1,0,1,0,0,2,0,0
12,1,2,1,0,1,2,0,3,0,0,0,1,1,0,0,2,0,0
20,1,4,1,0,0,1,0,2,1,0,0,4,5,1,0,2,0,0
21,2,2,2,1,2,2,0,4,0,0,1,1,4,0,0,4,0,0
19,0,0,0,1,0,2,0,2,0,0,4,0,3,2,0,5,0,0
14,0,1,0,0,0,3,0,3,0,0,0,1,4,1,0,4,0,0
26,0,5,0,1,0,8,0,7,0,0,3,0,2,0,0,2,0,0
4,0,0,0,1,0,0,0,0,0,0,0,1,1,0,0,1,0,0
45,2,8,2,0,1,11,0,12,0,0,1,0,4,3,0,5,0,0
38,0,8,0,2,0,5,0,7,2,0,2,1,6,2,0,5,0,0
28,1,4,1,1,1,4,0,5,0,0,4,0,3,2,0,3,0,0
20,1,2,1,1,0,4,0,3,0,0,1,2,2,1,0,4,0,0
14,1,1,1,2,0,2,0,3,0,0,0,1,3,0,0,2,0,0
8,0,0,0,0,0,1,0,1,0,0,1,0,1,1,0,2,0,0
35,2,4,2,3,1,6,0,7,0,0,1,0,3,3,0,5,0,0
19,1,4,1,0,1,3,0,5,0,0,1,0,2,0,0,3,0,0
32,3,4,3,0,2,6,0,7,0,0,2,2,4,0,0,3,0,0
10,0,1,0,0,1,3,0,3,0,0,0,0,1,0,0,1,0,0
34,2,6,2,0,1,4,0,5,0,0,5,0,2,2,0,7,0,0
23,0,3,0,0,1,4,0,2,0,0,0,10,6,0,0,0,0,0
26,1,2,1,1,1,3,0,4,0,0,4,0,5,2,0,4,0,0
27,1,5,1,1,1,3,0,7,0,0,0,6,2,0,0,3,0,0
14,0,1,0,1,0,2,0,2,0,0,2,1,1,1,0,2,0,0
18,2,4,2,0,0,3,0,3,1,0,1,1,4,0,0,1,0,0
16,0,0,0,0,2,4,0,2,0,0,1,1,1,1,0,4,0,0
8,0,1,0,0,0,1,0,1,0,0,3,0,1,0,0,1,0,0
9,2,1,2,0,1,1,0,3,0,0,0,0,1,0,0,1,0,0
38,2,6,2,0,1,9,0,9,0,0,2,0,3,2,0,6,0,0
6,0,0,0,0,0,1,0,1,0,0,2,0,2,0,0,1,0,0
42,2,4,2,2,2,10,0,9,0,0,4,0,2,1,0,6,0,0
30,0,3,0,1,1,3,0,3,1,0,9,1,2,2,0,4,0,0
14,1,1,1,0,1,2,0,3,0,0,0,3,1,0,0,3,0,0
16,1,2,1,1,0,4,0,2,0,0,2,0,4,0,0,0,0,0
23,1,3,1,0,0,6,0,7,0,0,3,0,5,0,0,2,0,0
16,2,2,2,1,0,3,0,3,1,0,0,2,2,0,0,1,0,0
24,1,2,1,2,1,5,0,5,1,0,0,2,6,0,0,1,0,0
27,1,3,1,1,1,6,0,5,0,0,3,1,4,1,0,5,0,0
16,0,2,0,1,1,3,0,4,1,0,0,0,2,0,0,2,0,0
9,1,1,1,1,1,1,0,0,0,0,1,1,1,1,0,0,0,0
31,2,7,2,3,1,5,0,5,0,0,1,6,3,1,0,2,0,0
15,0,1,0,1,1,3,0,4,0,0,0,0,2,1,0,3,0,0
37,2,1,2,1,3,4,0,7,2,0,2,0,8,3,0,6,0,0
51,2,6,2,0,2,8,0,11,0,0,4,0,8,4,0,11,0,0
31,2,1,2,2,2,3,0,3,0,0,0,6,3,1,0,4,0,0
11,3,1,3,0,1,1,0,1,1,0,0,1,2,0,0,2,0,0
20,2,2,2,2,3,0,0,4,0,0,3,0,2,0,0,1,0,0
17,1,2,1,0,0,1,0,2,0,0,0,4,4,1,0,2,0,0
7,0,0,0,0,0,3,0,2,0,0,1,0,1,0,0,1,0,0
51,3,10,3,1,2,8,0,14,0,0,1,0,9,2,0,5,0,0
17,2,1,2,0,0,1,0,3,1,0,3,0,3,2,0,3,0,0
22,1,2,1,2,1,4,0,5,1,0,0,0,4,1,0,1,0,0
18,1,4,1,0,0,1,0,3,0,0,2,1,5,1,0,2,0,0
16,1,2,1,0,1,4,0,5,1,0,0,0,1,0,0,1,0,0
7,0,0,0,0,0,1,0,1,0,0,0,0,2,0,0,3,0,0
6,0,1,0,0,2,1,0,1,0,0,0,0,2,0,0,0,0,0
21,0,2,0,0,1,2,0,2,0,0,1,1,5,1,0,3,0,0
45,4,5,4,2,1,6,0,13,0,0,2,5,9,0,0,4,0,0
3,0,1,0,0,0,0,0,0,0,0,0,0,1,0,0,1,0,0
26,1,2,1,1,2,4,0,2,0,0,8,0,3,0,0,3,0,0
11,1,1,1,1,0,3,0,2,0,0,0,0,2,0,0,1,0,0
12,1,0,1,0,0,2,0,2,0,0,3,0,2,0,0,3,0,0
13,0,1,0,0,1,2,0,2,0,0,0,0,5,2,0,4,0,0
25,1,3,1,0,1,3,0,3,0,0,3,3,4,2,0,5,0,0
11,2,2,2,0,0,1,0,4,0,0,0,0,3,1,0,1,0,0
144,9,22,9,6,7,26,0,30,0,0,7,9,16,4,0,16,0,0
13,0,1,0,1,1,2,0,2,0,0,2,0,2,0,0,3,0,0
27,0,3,0,0,1,6,0,6,0,0,0,3,6,1,0,4,0,0
11,0,2,0,1,1,2,0,2,0,0,1,0,1,0,0,2,0,0
16,1,3,1,0,1,2,0,7,0,0,0,0,1,0,0,2,0,0
20,2,1,2,1,1,3,0,4,0,0,0,1,2,1,0,2,0,0
36,5,3,5,1,3,5,0,5,0,0,2,0,6,2,0,4,0,0
45,2,8,2,3,1,9,0,8,0,0,4,0,6,2,0,6,0,0
33,0,2,0,0,3,6,0,7,2,0,1,3,6,2,0,6,0,0
30,0,4,0,1,0,5,0,6,0,0,2,4,5,2,0,3,0,0
13,0,4,0,0,0,0,0,1,0,0,2,1,2,1,0,2,0,1
7,2,1,2,0,0,2,0,2,0,0,0,0,1,0,0,0,0,1
12,1,1,1,2,0,1,0,0,0,0,1,0,2,1,0,2,0,1
11,1,3,1,0,0,2,0,3,0,0,1,0,2,0,0,1,0,1
2,0,0,0,0,0,0,0,1,0,0,0,0,1,0,0,1,0,1
10,1,2,1,1,0,2,0,3,0,0,0,0,4,0,0,0,0,1
12,0,0,0,0,0,2,0,2,0,0,4,0,4,0,0,4,0,1
9,1,0,1,1,0,1,0,1,0,0,0,0,2,0,0,2,0,1
6,1,1,1,1,0,1,0,1,0,0,1,0,1,0,0,0,0,1
21,0,1,0,0,1,4,0,3,0,0,1,2,4,2,0,4,0,1
12,1,2,1,1,0,3,0,3,1,0,0,0,1,0,0,0,0,1
14,1,1,1,2,1,2,0,2,0,0,0,0,2,2,0,2,0,1
10,1,2,1,0,0,1,0,2,1,0,1,0,2,0,0,1,0,1
16,1,3,1,1,0,2,0,2,2,0,0,4,2,0,0,0,0,1
11,2,0,2,2,0,2,0,2,0,0,0,0,2,0,0,0,0,1
7,2,0,2,0,0,1,0,1,0,0,1,0,1,0,0,1,0,1
15,2,2,2,1,1,3,0,3,0,0,1,0,2,0,0,1,0,1
7,2,0,2,1,1,1,0,1,0,0,0,0,2,0,0,0,0,1
10,1,0,1,1,2,2,0,2,0,0,0,1,2,0,0,1,0,1
8,1,1,1,1,0,0,0,2,1,0,1,0,1,0,0,1,0,1
11,1,0,1,1,0,1,0,2,0,0,1,0,2,2,0,2,0,1
13,1,2,1,1,0,1,0,2,1,0,3,0,1,0,0,1,0,1
12,2,1,2,1,0,2,0,1,0,0,0,3,4,0,0,0,0,1
15,0,4,0,0,0,2,0,3,0,0,4,0,1,0,0,1,0,1
4,1,1,1,0,0,1,0,1,0,0,0,0,1,0,0,0,0,1
8,1,0,1,1,1,0,0,1,0,0,1,0,1,0,0,3,0,1
24,3,3,3,1,1,4,0,4,0,0,3,0,3,0,0,3,0,1
8,1,2,1,0,0,2,0,3,0,0,0,0,1,0,0,0,0,1
28,0,3,0,1,1,3,0,3,0,0,4,0,4,3,0,6,0,1
25,5,4,5,1,2,3,0,4,1,0,1,0,2,1,0,1,0,1
5,1,0,1,1,0,1,0,1,0,0,0,0,1,0,0,0,0,1
24,1,1,1,1,0,1,0,0,0,0,5,2,4,2,0,5,0,1
20,1,3,1,0,0,3,0,5,0,0,1,2,2,1,0,3,0,1
25,0,1,0,1,2,3,0,3,0,0,2,4,4,0,0,4,0,1
6,0,0,0,0,1,0,0,1,1,0,0,0,1,0,0,2,0,1
10,1,1,1,1,0,1,0,1,0,0,2,0,1,0,0,2,0,1
22,3,5,3,1,0,3,0,4,1,0,2,0,2,1,0,2,0,1
30,1,6,1,0,1,6,0,7,0,0,2,0,3,0,0,5,0,1
19,0,2,0,2,1,2,0,4,2,0,1,0,2,0,0,1,0,1
34,2,3,2,1,2,6,0,6,0,0,4,0,3,2,0,4,0,1
44,2,9,2,0,3,9,0,12,0,0,0,4,2,0,0,4,0,1
36,4,4,4,1,2,9,0,9,0,0,0,4,6,0,0,2,0,1
26,4,2,4,0,2,2,0,5,0,0,1,0,8,1,0,4,0,1
23,3,4,3,3,0,5,0,5,0,0,1,0,4,1,0,1,0,1
7,1,0,1,2,0,1,0,1,0,0,0,0,1,1,0,1,0,1
73,2,9,2,2,2,9,0,12,3,0,7,5,8,4,0,12,0,1
11,0,2,0,0,0,3,0,3,0,0,2,0,1,0,0,1,0,1
13,0,0,0,1,0,1,0,1,0,0,5,0,1,0,0,4,0,1
22,3,2,3,2,1,4,0,3,0,0,2,0,2,1,0,4,0,1
7,2,0,2,0,0,1,0,1,0,0,0,0,1,1,0,2,0,1
14,2,0,2,2,0,5,0,4,0,0,0,0,4,0,0,0,0,1
12,1,2,1,1,0,1,0,2,1,0,2,0,2,0,0,1,0,1
23,2,2,2,1,2,5,0,6,0,0,0,0,3,0,0,2,0,1
26,1,2,1,2,1,2,0,4,0,0,5,0,3,0,0,2,0,1
13,1,1,1,2,0,1,0,1,0,0,0,2,3,0,0,1,0,1
11,1,0,1,0,0,2,0,2,0,0,0,0,3,1,0,1,0,1
12,1,2,1,1,1,3,0,3,0,0,1,0,1,0,0,0,0,1
17,3,2,3,0,2,3,0,2,0,0,0,2,4,1,0,2,0,1
17,1,0,1,0,1,3,0,2,0,0,0,2,3,3,0,3,0,1
41,5,5,5,0,1,6,0,8,1,0,5,1,5,1,0,3,0,1
13,1,1,1,2,1,1,0,2,0,0,0,0,3,0,0,2,0,1
19,3,3,3,1,1,3,0,4,0,0,3,0,2,0,0,1,0,1
70,13,8,13,0,6,8,0,11,1,0,4,1,9,2,0,6,0,1
3,0,0,0,0,1,0,0,0,0,0,1,0,1,0,0,1,0,1
5,1,0,1,0,0,1,0,1,0,0,0,0,1,1,0,1,0,1
64,5,12,5,0,3,13,0,15,1,0,2,2,6,1,0,7,0,1
11,0,2,0,0,0,3,0,3,0,0,1,0,1,1,0,1,0,1
27,0,2,0,2,0,4,0,4,1,0,5,1,2,2,0,4,0,1
22,0,3,0,1,1,4,0,5,0,0,3,0,1,0,0,3,0,1
14,2,3,2,1,0,2,0,3,0,0,0,0,1,0,0,2,0,1
55,5,4,5,3,0,10,0,8,0,0,6,0,4,6,0,8,0,1
9,1,1,1,1,1,0,0,0,0,0,1,0,1,2,0,1,0,1
10,1,0,1,1,0,1,0,2,0,0,1,0,2,2,0,2,0,1
10,0,1,0,0,1,2,0,3,0,0,0,0,1,0,0,3,0,1
15,2,2,2,1,1,2,0,2,0,0,1,1,2,1,0,2,0,1
10,1,1,1,0,0,3,0,4,0,0,0,0,2,0,0,1,0,1
14,1,2,1,0,0,4,0,4,0,0,0,0,1,2,0,1,0,1
12,2,2,2,1,0,2,0,3,0,0,0,0,3,0,0,0,0,1
25,3,2,3,3,2,3,0,2,0,0,2,0,1,2,0,2,0,1
8,0,1,0,0,1,2,0,2,0,0,0,0,1,0,0,2,0,1
13,2,2,2,0,0,5,0,3,0,0,0,1,1,0,0,0,0,1
6,1,1,1,0,0,1,0,1,0,0,0,0,1,1,0,1,0,1
9,1,1,1,0,0,1,0,1,0,0,2,0,1,0,0,2,0,1
21,0,2,0,2,1,2,0,4,1,0,1,0,4,1,0,4,0,1
7,0,2,0,0,0,1,1,1,0,0,0,1,2,0,0,1,0,1
4,1,0,1,1,0,1,0,1,0,0,0,0,1,0,0,0,0,1
19,1,3,1,2,1,3,0,4,0,0,0,0,2,1,0,2,0,1
10,1,1,1,0,1,2,0,3,0,0,0,0,1,0,0,0,0,1
8,1,1,1,0,0,1,0,1,1,0,1,0,1,0,0,1,0,1
45,6,4,6,3,2,10,0,8,0,0,1,4,7,0,0,2,0,1
16,0,0,0,1,1,0,0,1,0,0,1,0,4,1,0,5,0,1
3,0,0,0,0,0,0,0,1,0,0,0,0,1,0,0,1,0,1
12,0,0,0,1,1,1,0,1,0,0,1,5,2,0,0,1,0,1
7,0,0,0,0,0,1,0,1,0,0,1,0,1,1,0,2,0,1
7,0,1,0,0,1,1,0,1,0,0,0,0,2,0,0,2,0,1
10,1,0,1,1,0,2,0,0,1,0,1,0,3,1,0,1,0,1
13,2,2,2,1,1,3,0,3,0,0,0,0,2,0,0,0,0,1
14,3,1,3,1,1,2,0,4,0,0,0,0,3,0,0,1,0,1
3,0,0,0,0,0,0,0,0,0,0,0,3,1,0,0,0,0,1
10,2,0,2,1,0,1,0,1,0,0,0,0,1,2,0,2,0,1
8,1,1,1,0,0,2,0,2,0,0,1,0,1,0,0,1,0,1
13,2,2,2,0,1,3,0,2,0,0,0,2,1,0,0,0,0,1
16,1,2,1,0,2,2,0,4,0,0,0,0,1,0,0,3,0,1
64,5,10,5,2,1,9,0,15,1,0,2,2,6,4,0,7,0,1
9,1,0,1,0,0,1,0,1,0,0,0,0,1,1,0,3,0,1
16,1,1,1,1,1,1,0,2,0,0,1,2,5,1,0,2,0,1
9,1,1,1,0,0,3,0,3,0,0,0,0,2,0,0,1,0,1
19,1,3,1,1,1,3,0,3,0,0,3,0,4,0,0,2,0,1
10,2,0,2,2,1,1,0,1,0,0,2,0,1,0,0,1,0,1
13,1,2,1,0,1,3,0,3,0,0,1,0,3,0,0,2,0,1
14,1,0,1,2,1,3,0,3,0,0,1,0,2,0,0,2,0,1
20,0,4,0,1,2,2,0,5,0,0,2,0,4,0,0,2,0,1
11,1,1,1,0,1,0,0,1,0,0,4,0,1,0,0,3,0,1
13,1,0,1,1,0,2,0,2,0,0,3,0,1,1,0,2,0,1
16,1,2,1,1,0,2,0,3,1,0,2,1,2,1,0,2,0,1
21,0,4,0,0,2,2,0,2,0,0,4,2,2,0,0,4,0,1
9,0,0,0,0,0,2,0,2,0,0,2,0,1,0,0,2,0,1
3,1,0,1,0,0,0,0,0,0,0,0,0,2,0,0,1,0,1
22,1,1,1,1,0,4,0,3,1,0,3,0,2,3,0,4,0,1
3,2,0,2,0,0,0,0,1,0,0,0,0,2,0,0,0,0,1
11,1,0,1,1,1,2,0,0,0,0,0,3,2,0,0,2,0,1
20,2,1,2,1,2,3,0,3,0,0,1,0,2,1,0,4,0,1
50,2,10,2,0,2,8,0,14,0,0,2,4,8,1,0,4,0,1
53,3,7,3,3,2,10,0,10,3,0,5,0,7,0,0,6,0,1
11,0,2,0,1,0,1,0,3,0,0,2,0,2,0,0,2,0,1
20,1,2,1,2,1,5,0,5,0,0,0,0,1,0,0,1,0,1
51,2,8,2,0,4,5,0,8,3,0,3,0,5,3,0,8,0,1
8,2,1,2,0,1,1,0,3,0,0,0,0,2,0,0,0,0,1
7,1,2,1,0,0,1,0,3,0,0,0,0,2,0,0,0,0,1
23,3,4,3,1,1,4,0,5,0,0,2,0,3,0,0,2,0,1
18,2,3,2,0,1,2,0,3,0,0,1,0,1,1,0,3,0,1
49,4,7,4,2,2,8,0,9,0,0,4,4,5,1,0,4,0,1
4,0,1,0,0,0,0,0,2,0,0,1,0,1,0,0,0,0,1
15,1,1,1,0,0,2,0,3,0,0,3,0,4,1,0,4,0,1
14,0,3,0,1,0,3,0,3,0,0,0,0,3,1,0,1,0,1
19,1,1,1,2,1,4,0,4,0,0,1,0,1,1,0,2,0,1
33,2,5,2,1,1,8,0,5,0,0,0,3,3,2,0,3,0,1
21,2,3,2,1,0,3,0,4,0,0,2,0,1,1,0,2,0,1
12,0,0,0,0,1,3,0,3,0,0,1,0,2,0,0,4,0,1
6,2,0,2,1,1,1,0,1,0,0,0,0,1,0,0,0,0,1
15,0,1,0,0,0,2,0,3,1,0,0,3,3,0,0,1,0,1
14,1,1,1,1,0,3,0,2,1,0,0,0,3,0,0,2,0,1
42,1,5,1,0,1,8,0,8,0,0,4,3,5,4,0,5,0,1
36,5,2,5,2,1,9,0,7,0,0,1,4,6,1,0,2,0,1
9,2,1,2,1,1,1,0,2,0,0,0,0,2,0,0,0,0,1
30,3,5,3,2,1,6,0,8,1,0,0,1,3,0,0,2,0,1
29,5,2,5,2,1,6,0,6,0,0,1,0,4,0,0,3,0,1
16,0,2,0,0,1,3,0,5,0,0,0,0,1,1,0,3,0,1
51,4,10,4,0,3,9,0,13,0,0,4,0,3,2,0,5,0,1
39,0,4,0,4,1,6,0,7,0,0,5,0,3,2,0,7,0,1
54,4,7,4,1,3,8,0,7,1,0,6,0,5,2,0,8,0,1
29,1,5,1,1,0,3,0,5,0,0,7,0,2,1,0,4,0,1
8,1,1,1,0,0,2,0,2,0,0,0,0,1,0,0,1,0,1
12,2,2,2,0,0,3,0,2,1,0,0,1,2,0,0,0,0,1
7,1,1,1,0,0,1,0,1,0,0,1,1,1,0,0,1,0,1
32,2,4,2,2,1,5,0,7,1,0,4,0,2,0,0,3,0,1
14,2,1,2,0,1,3,0,3,0,0,0,1,2,0,0,2,0,1
32,2,5,2,0,0,9,0,9,0,0,3,0,2,0,0,4,0,1
18,1,1,1,2,1,3,0,2,0,0,1,2,5,1,0,1,0,1
5,0,1,0,0,0,1,0,0,0,0,1,1,1,0,0,1,0,1
3,0,0,0,0,0,1,0,1,0,0,0,0,1,0,0,1,0,1
3,0,1,0,0,0,0,0,1,0,0,0,0,1,0,0,1,0,1
33,0,4,0,1,2,5,0,6,0,0,5,1,3,2,0,6,0,1
22,2,3,2,1,2,4,0,5,0,0,1,0,2,0,0,3,0,1
17,3,2,3,0,1,2,0,3,0,0,0,2,2,0,0,2,0,1
29,0,5,0,1,0,7,0,7,0,0,1,0,4,2,0,4,0,1
16,0,3,0,0,0,4,0,5,0,0,1,0,1,0,0,2,0,1
8,3,0,3,1,1,1,0,1,0,0,0,0,2,0,0,0,0,1
29,1,3,1,1,1,4,0,5,0,0,1,1,3,3,0,5,0,1
29,2,4,2,1,1,4,0,5,0,0,4,0,3,0,0,2,0,1
10,1,0,1,0,0,1,0,1,0,0,1,0,1,1,0,3,0,1
15,1,3,1,1,0,4,0,5,0,0,0,0,2,0,0,1,0,1
22,2,3,2,0,1,2,0,4,1,0,4,0,2,1,0,3,0,1
29,2,5,2,1,0,5,0,7,0,0,3,1,5,0,0,3,0,1
17,2,3,2,1,1,2,0,4,0,0,1,0,3,1,0,1,0,1
3,1,0,1,0,0,0,0,1,0,0,0,0,1,0,0,0,0,1
10,0,2,0,0,0,3,0,3,0,0,0,0,1,0,0,1,0,1
23,3,2,3,1,0,4,0,5,0,0,5,0,5,0,0,3,0,1
35,3,5,3,1,1,4,0,7,0,0,3,0,3,3,0,5,0,1
40,2,7,2,1,0,10,0,8,1,0,3,2,5,3,0,2,0,1
17,0,2,0,2,1,3,0,3,0,0,2,3,2,0,0,1,0,1
14,2,2,2,0,0,2,0,2,0,0,1,0,2,1,0,3,0,1
5,1,0,1,0,0,1,0,1,0,0,0,0,2,0,0,1,0,1
2,0,0,0,0,0,0,0,0,0,0,0,0,1,0,0,1,0,1
33,2,4,2,2,1,6,0,9,1,0,0,0,3,2,0,2,0,1
31,0,5,0,1,3,4,0,7,1,0,2,0,2,2,0,4,0,1
12,2,2,2,1,0,3,0,2,0,0,0,1,1,0,0,1,0,1
16,0,2,0,0,0,3,0,1,0,0,2,2,2,2,0,4,0,1
16,1,2,1,2,1,1,0,2,1,0,1,0,4,1,0,1,0,1
19,0,0,0,0,2,1,0,0,0,0,3,2,3,2,0,5,0,1
76,5,9,5,5,2,12,0,15,3,0,3,1,12,4,0,7,0,1
12,2,3,2,0,1,2,0,3,1,0,0,0,2,0,0,0,0,1
13,1,1,1,0,0,2,0,2,1,0,2,0,2,0,0,1,0,1
4,1,0,1,0,0,0,0,0,0,0,0,0,1,0,0,1,0,1
21,1,3,1,0,1,5,0,7,0,0,0,0,5,0,0,2,0,1
34,1,7,1,2,0,4,0,10,0,0,2,0,4,1,0,4,0,1
20,4,1,4,2,2,4,0,3,0,0,0,1,4,0,0,0,0,1
37,4,6,4,2,2,4,0,7,0,0,3,1,5,3,0,3,0,1
19,4,1,4,1,1,3,0,3,0,0,2,1,2,1,0,2,0,1
12,3,1,3,1,0,3,0,3,0,0,0,0,2,0,0,0,0,1
54,3,11,3,0,2,7,0,14,0,0,3,0,6,3,0,6,0,1
14,3,2,3,0,0,2,0,4,0,0,0,1,4,0,0,1,0,1
19,0,3,0,0,0,3,0,3,0,0,2,2,2,0,0,3,0,1
55,5,9,5,2,3,10,0,13,0,0,1,2,6,2,0,5,0,1
12,1,3,1,0,0,3,0,4,0,0,0,0,1,0,0,1,0,1
6,1,1,1,0,1,1,0,1,0,0,0,1,1,0,0,0,0,1
15,4,2,4,0,1,3,0,3,1,0,0,0,2,0,0,0,0,1
23,3,3,3,1,1,5,0,5,0,0,2,0,1,0,0,2,0,1
53,4,9,4,1,2,11,0,14,4,0,0,1,7,0,0,4,0,1
12,1,1,1,1,0,1,0,1,2,0,0,0,1,0,0,3,0,1
17,1,2,1,3,0,2,0,2,0,0,3,0,2,1,0,2,0,1
32,3,3,3,2,1,5,0,6,0,0,1,0,7,3,0,4,0,1
24,0,5,0,0,0,4,0,4,1,0,1,0,2,2,0,2,0,1
22,2,3,2,0,1,5,0,7,0,0,0,0,4,0,0,1,0,1
7,2,1,2,0,1,1,0,2,0,0,0,0,1,0,0,0,0,1
26,5,0,5,3,0,4,0,4,0,0,0,0,4,1,0,3,0,1
70,6,6,6,1,5,12,0,14,0,0,3,0,8,6,0,10,0,1
10,0,4,0,0,0,1,0,1,2,0,0,0,2,0,0,1,0,1
11,1,2,1,1,1,1,0,3,0,0,1,0,2,0,0,1,0,1
8,0,0,0,0,1,1,0,1,0,0,1,0,1,0,0,2,0,1
11,3,0,3,1,1,2,0,1,0,0,0,0,1,1,0,1,0,1
15,1,0,1,0,2,0,0,0,0,0,2,0,3,1,0,6,0,1
51,5,5,5,0,6,8,0,9,0,0,4,0,6,2,0,9,0,1
39,6,4,6,2,4,7,0,6,0,0,3,0,3,0,0,4,0,1
10,2,0,2,0,1,2,0,4,0,0,0,0,2,0,0,1,0,1
14,3,2,3,1,1,1,0,2,0,0,0,0,1,1,0,2,0,1
130,7,13,7,4,5,27,0,29,0,0,7,5,15,4,0,18,0,1
9,0,2,0,0,0,2,0,3,0,0,0,0,1,0,0,1,0,1
5,1,0,1,0,0,0,0,0,0,0,3,0,4,0,0,0,0,1
18,2,3,2,1,0,3,0,4,1,0,2,0,2,0,0,1,0,1
12,1,1,1,1,0,2,0,3,0,0,1,1,2,1,0,1,0,1
31,1,4,1,2,2,5,0,6,0,0,0,1,1,2,0,4,0,1
52,3,9,3,3,0,6,0,10,1,0,5,4,4,3,0,6,0,1
21,2,3,2,1,2,3,0,5,0,0,1,2,1,0,0,1,0,1
18,2,2,2,1,1,2,0,2,1,0,1,0,1,1,0,2,0,1
28,0,5,0,1,1,3,0,4,1,0,2,3,2,1,0,7,0,1
51,6,9,6,1,0,9,0,9,1,0,3,2,7,0,0,3,0,1
9,1,1,1,0,0,1,0,1,1,0,2,0,1,0,0,1,0,1
12,1,0,1,1,0,4,0,2,0,0,1,0,2,1,0,0,0,1
27,1,1,1,1,1,6,0,4,0,0,2,1,3,4,0,4,0,1
7,2,1,2,0,0,2,0,2,0,0,0,0,1,0,0,0,0,1
35,2,3,2,1,0,6,0,8,0,0,3,0,6,4,0,5,0,1
49,2,7,2,3,3,9,0,9,0,0,0,5,10,1,0,6,0,1
47,5,5,5,2,2,7,0,7,0,0,2,3,5,3,0,5,0,1
9,1,1,1,0,0,0,0,1,0,0,1,0,2,0,0,2,0,1
17,3,3,3,1,1,4,0,5,0,0,0,0,2,0,0,0,0,1
18,2,2,2,0,1,2,0,3,0,0,1,0,3,2,0,4,0,1
9,0,0,0,0,0,1,0,2,0,0,0,0,2,1,0,2,0,1
12,2,0,2,2,0,1,0,2,0,0,0,0,3,1,0,0,0,1
13,1,1,1,2,0,2,0,3,1,0,0,0,3,2,0,0,0,1
35,2,3,2,1,3,8,0,5,0,0,1,3,3,0,0,3,0,1
8,0,1,0,0,0,1,0,2,0,0,0,0,2,1,0,3,0,1
10,1,0,1,1,1,2,0,2,0,0,2,0,1,0,0,1,0,1
21,3,5,3,2,0,4,0,5,0,0,1,0,1,0,0,0,0,1
24,2,4,2,1,1,3,0,4,0,0,4,0,2,0,0,3,0,1
5,1,0,1,1,0,1,0,1,0,0,0,1,1,0,0,0,0,1
12,1,2,1,0,1,3,0,3,0,0,1,0,1,0,0,1,0,1
58,3,5,3,4,3,7,0,10,0,0,4,2,7,4,0,5,0,1
22,3,3,3,1,2,5,0,4,0,0,1,0,2,0,0,1,0,1
9,0,2,0,0,0,1,0,0,0,0,1,2,1,0,0,1,0,1
16,1,0,1,0,1,2,0,2,0,0,1,0,1,3,0,4,0,1
12,0,1,0,1,1,0,0,0,1,0,3,0,1,1,0,3,0,1
24,4,2,4,2,1,5,0,3,0,0,2,0,2,2,0,2,0,1
46,2,7,2,3,0,6,0,7,0,0,8,2,5,2,0,6,0,1
21,2,1,2,1,1,4,0,4,0,0,2,0,3,0,0,3,0,1
15,0,1,0,1,1,3,0,3,0,0,1,0,2,0,0,4,0,1
34,2,5,2,1,2,7,0,8,0,0,1,2,6,1,0,2,0,1
22,0,2,0,1,1,1,0,4,2,0,4,1,1,0,0,4,0,1
10,1,1,1,1,0,2,0,2,0,0,0,1,1,1,0,1,0,1
2,0,0,0,0,0,0,0,1,0,0,0,0,1,0,0,1,0,1
20,0,1,0,0,2,4,0,3,0,0,2,0,2,1,0,5,0,1
87,5,12,5,5,1,15,0,15,4,0,2,9,22,1,0,6,0,1
21,0,2,0,1,1,3,0,4,0,0,2,3,3,1,0,2,0,1
7,0,0,0,0,0,1,0,1,0,0,1,0,2,0,0,2,0,1
15,0,2,0,0,0,4,0,5,0,0,0,0,3,2,0,2,0,1
7,0,0,0,0,1,2,0,2,0,0,0,0,1,0,0,2,0,1
2,1,0,1,0,0,0,0,0,0,0,0,0,1,0,0,0,0,1
33,4,3,4,1,2,5,0,5,0,0,2,1,2,1,0,3,0,1
28,4,1,4,1,3,4,0,3,0,0,0,4,7,1,0,0,0,1
24,1,4,1,1,1,4,0,6,0,0,2,0,2,0,0,2,0,1
17,0,1,0,0,1,4,0,4,1,0,3,0,2,0,0,3,0,1
35,2,3,2,1,1,7,0,8,0,0,3,0,3,1,0,5,0,1
9,1,1,1,0,0,3,0,2,0,0,0,0,1,0,0,0,0,1
8,1,0,1,0,1,0,0,2,0,0,0,1,1,0,0,2,0,1
38,5,2,5,2,0,9,0,8,0,0,3,0,4,1,0,4,0,1
33,3,3,3,1,0,5,0,3,0,0,2,3,6,2,0,5,0,1
18,2,1,2,1,0,2,0,2,1,0,1,0,4,0,0,2,0,1
8,1,1,1,0,0,1,0,1,0,0,0,2,3,0,0,1,0,1
18,0,2,0,0,1,3,0,2,0,0,5,0,2,0,0,3,0,1
22,1,2,1,1,1,2,0,3,1,0,4,1,2,2,0,3,0,1
5,1,0,1,0,0,1,0,1,0,0,0,0,3,0,0,1,0,1
6,0,0,0,1,0,1,0,1,0,0,1,0,2,0,0,2,0,1
23,0,1,0,2,1,3,0,6,0,0,2,0,2,1,0,3,0,1
24,1,2,1,0,1,2,0,2,0,0,6,0,4,2,0,7,0,1
27,2,4,2,0,0,5,0,7,0,0,1,0,4,2,0,4,0,1
40,0,4,0,1,2,10,0,8,0,0,4,0,4,2,0,8,0,1
14,0,2,0,1,1,2,0,3,0,0,1,0,2,0,0,2,0,1
18,0,2,0,0,1,4,0,4,0,0,1,2,2,0,0,3,0,1
43,2,7,2,0,2,11,0,12,1,0,1,0,4,1,0,2,0,1
27,2,4,2,1,2,3,0,7,0,0,1,0,3,1,0,4,0,1
33,1,3,1,2,2,6,0,5,0,0,5,0,4,0,0,4,0,1
35,2,3,2,2,2,5,0,5,0,0,0,6,3,1,0,3,0,1
14,1,1,1,1,0,2,0,2,0,0,1,0,1,2,0,2,0,1
6,1,1,1,1,0,1,0,1,0,0,1,0,1,0,0,0,0,1
10,0,1,0,0,0,3,0,2,1,0,0,0,2,1,0,1,0,1
21,1,2,1,1,2,3,0,2,0,0,3,0,1,1,0,4,0,1
38,2,4,2,2,1,5,0,4,1,0,5,4,4,3,0,4,0,1
68,5,12,5,2,2,14,0,17,2,0,1,2,10,1,0,5,0,1
31,1,6,1,1,1,5,0,6,0,0,0,0,4,1,0,6,0,1
14,3,1,3,1,0,2,0,2,0,0,1,1,2,0,0,2,0,1
8,0,0,0,0,0,0,0,0,0,0,0,0,1,2,0,4,0,1
9,2,0,2,0,0,2,0,2,0,0,1,0,1,0,0,2,0,1
3,0,0,0,0,0,0,0,0,0,0,0,0,2,0,0,3,0,1
25,2,4,2,2,1,5,0,4,0,0,1,3,2,1,0,1,0,1
10,0,1,0,0,1,2,0,2,0,0,0,0,3,0,0,3,0,1
23,1,1,1,1,1,1,0,1,0,0,5,0,2,2,0,5,0,1
5,1,0,1,0,0,1,0,1,0,0,1,0,1,0,0,1,0,1
27,3,4,3,0,1,4,0,5,0,0,2,3,5,0,0,3,0,1
30,2,4,2,2,1,4,0,7,0,0,3,0,2,2,0,4,0,1
2,0,0,0,0,0,0,0,1,0,0,0,1,1,0,0,0,0,1
6,0,0,0,1,0,0,0,0,0,0,1,2,1,0,0,1,0,1
15,2,2,2,2,1,1,0,3,0,0,0,0,2,1,0,2,0,1
34,0,4,0,0,0,7,0,7,0,0,2,1,5,2,0,6,0,1
7,1,0,1,0,1,0,0,0,0,0,2,0,1,0,0,1,0,1
19,2,3,2,1,1,4,0,3,0,0,1,2,3,0,0,2,0,1
113,4,11,4,6,6,16,2,15,1,0,17,3,20,2,0,20,0,1
31,2,3,2,1,2,7,0,6,0,0,0,0,3,2,0,4,0,1
21,2,1,2,0,1,2,0,3,0,0,3,0,1,2,0,5,0,1
46,5,12,5,2,1,9,0,12,2,0,0,0,4,0,0,1,0,1
12,0,1,0,1,0,1,0,2,1,0,2,0,5,1,0,1,0,1
11,2,1,2,2,1,2,0,1,0,0,0,0,1,0,0,2,0,1
55,5,3,5,1,1,6,0,7,0,0,10,0,6,6,0,11,0,1
24,2,3,2,1,1,3,0,4,1,0,2,0,3,1,0,2,0,1
19,1,2,1,1,0,4,0,4,0,0,2,0,2,2,0,3,0,1
18,2,2,2,1,2,2,0,7,0,0,1,0,2,0,0,1,0,1
17,0,2,0,0,0,3,0,3,0,0,3,0,1,1,0,3,0,1
10,0,0,0,1,1,0,0,0,0,0,3,0,1,1,0,3,0,1
11,0,1,0,1,1,3,0,2,0,0,0,0,1,0,0,1,0,1
9,1,1,1,1,0,1,0,1,0,0,2,0,1,1,0,1,0,1
8,2,1,2,0,0,0,0,0,0,0,1,0,2,1,0,2,0,1
14,0,3,0,0,1,2,0,3,0,0,1,1,1,0,0,3,0,1
22,1,4,1,1,1,2,0,3,0,0,1,3,3,2,0,1,0,1
24,1,5,1,0,0,5,0,6,0,0,0,1,3,1,0,3,0,1
63,1,12,1,3,1,12,0,16,0,0,5,2,15,2,0,3,0,1
8,1,0,1,1,1,1,0,1,0,0,0,0,1,0,0,1,0,1
11,1,1,1,0,0,2,0,1,1,0,1,0,2,0,0,2,0,1
11,0,2,0,0,0,2,0,2,0,0,0,2,4,0,0,1,0,1
21,0,2,0,1,1,2,0,4,0,0,3,1,3,0,0,3,0,1
18,3,2,3,1,2,2,0,3,0,0,1,0,1,0,0,2,0,1
22,4,1,4,1,2,1,0,3,0,0,1,0,1,2,0,3,1,1
27,3,3,3,0,2,6,0,7,0,0,2,0,1,0,0,3,0,1
14,1,3,1,0,0,4,0,5,0,0,0,0,2,0,0,1,0,1
12,4,0,4,1,2,2,0,2,0,0,0,0,4,0,0,0,0,1
36,0,3,0,1,2,8,0,6,0,0,5,0,8,0,0,4,0,1
34,4,2,4,2,0,6,0,5,0,0,5,0,2,3,0,6,0,1
1,0,0,0,0,0,0,0,0,0,0,0,1,2,0,0,0,0,1
9,0,2,0,0,0,3,0,3,0,0,0,0,1,0,0,1,0,1
27,1,4,1,0,1,6,0,8,1,0,0,1,5,1,0,4,0,1
5,1,0,1,0,1,0,0,0,0,0,0,0,1,0,0,1,0,1
6,0,0,0,0,0,1,0,1,0,0,2,0,2,0,0,2,0,1
24,2,3,2,2,1,4,0,5,0,0,1,0,6,1,0,2,0,1
21,0,3,0,1,0,3,0,3,0,0,1,2,3,1,0,4,0,1
21,2,1,2,0,1,3,0,4,1,0,1,0,4,0,0,5,0,1
9,0,1,0,0,0,1,0,1,0,0,1,0,1,0,0,1,0,1
37,2,6,2,2,0,4,0,5,0,0,3,1,4,2,0,4,0,1
35,2,4,2,1,0,7,0,7,0,0,3,0,4,3,0,4,0,1
42,4,5,4,1,2,7,1,8,0,0,5,4,9,1,0,4,0,1
28,1,4,1,0,1,5,0,5,1,0,3,2,4,0,0,3,0,1
9,1,2,1,0,0,2,0,3,0,0,0,0,1,0,0,1,0,1
5,0,1,0,0,0,1,0,1,0,0,0,1,1,0,0,1,0,1
7,1,0,1,1,0,0,0,0,0,0,1,0,2,1,0,2,0,1
15,0,3,0,0,0,2,0,3,0,0,0,2,3,0,0,1,0,1
5,1,0,1,0,0,1,0,1,0,0,0,0,1,0,0,1,0,1
22,1,4,1,1,0,3,0,4,1,0,1,0,4,1,0,3,0,1
22,1,4,1,0,1,4,0,4,0,0,1,1,2,0,0,3,0,1
3,1,0,1,0,0,1,0,1,0,0,0,0,1,0,0,0,0,1
17,0,1,0,0,2,4,0,4,0,0,1,0,1,1,0,3,0,1
14,3,1,3,1,0,2,0,2,0,0,2,0,5,0,0,2,0,1
32,1,4,1,0,1,2,0,5,0,0,3,0,7,0,0,7,0,1
75,4,10,4,3,2,9,0,16,0,0,4,0,19,4,0,17,0,1
53,1,6,1,1,1,11,0,13,1,0,4,1,4,4,0,8,0,1
73,5,11,5,3,2,14,0,17,1,0,2,2,11,3,0,6,0,1
10,1,3,1,1,0,2,0,1,0,0,0,1,3,0,0,0,0,1
9,1,0,1,0,0,1,0,2,0,0,1,0,1,0,0,3,0,1
5,1,1,1,0,0,1,0,2,0,0,0,0,2,0,0,0,0,1
34,4,3,4,3,4,5,0,4,0,0,2,3,2,3,0,2,0,1
17,1,4,1,0,0,5,0,4,0,0,1,0,1,1,0,1,0,1
19,0,3,0,2,0,4,0,4,0,0,1,0,2,0,0,1,0,1
8,0,1,0,0,0,1,0,1,0,0,2,0,1,0,0,2,0,1
32,0,4,0,2,2,4,0,6,3,0,3,1,4,2,0,3,0,1
31,1,2,1,1,1,4,0,2,0,0,1,1,4,2,0,8,0,1
27,0,4,0,0,2,4,0,2,1,0,2,5,4,0,0,3,0,1
11,0,2,0,0,1,1,0,3,0,0,1,0,2,0,0,3,0,1
8,1,1,1,1,0,1,0,2,0,0,0,0,1,1,0,1,0,1
30,4,3,4,1,1,5,0,7,0,0,0,0,3,2,0,4,0,1
3,2,0,2,0,1,0,0,0,0,0,0,0,2,0,0,0,0,1
20,2,4,2,1,1,1,0,5,1,0,1,2,2,0,0,1,0,1
13,1,2,1,2,0,2,0,3,0,0,0,0,1,0,0,2,0,1
22,1,0,1,0,2,3,0,3,1,0,1,0,2,3,0,6,0,1
21,2,2,2,1,1,2,0,4,0,0,3,0,4,0,0,3,0,1
35,2,7,2,0,2,6,0,5,0,0,3,4,4,0,0,4,0,1
58,7,11,7,0,2,10,0,15,0,0,2,0,4,1,0,5,0,1
4,0,0,0,0,0,1,0,1,0,0,0,2,1,0,0,0,0,1
24,2,4,2,1,1,4,0,4,0,0,2,1,3,1,0,3,0,1
44,4,9,4,0,1,8,0,11,2,0,1,3,9,0,0,2,0,1
25,4,2,4,3,1,4,0,4,0,0,2,2,4,0,0,2,0,1
21,1,2,1,0,1,5,0,5,0,0,0,0,3,1,0,3,0,1
28,2,6,2,0,0,5,0,5,1,0,2,2,5,0,0,3,0,1
4,2,0,2,0,0,1,0,1,0,0,0,0,2,0,0,0,0,1
31,2,4,2,0,2,6,0,6,0,0,3,1,2,1,0,4,0,1
20,6,2,6,2,3,1,0,2,0,0,2,1,4,0,0,0,0,1
22,2,5,2,0,0,5,0,5,1,0,1,1,1,0,0,1,0,1
37,1,7,1,1,1,6,0,8,0,0,1,0,6,2,0,3,0,1
20,1,1,1,0,0,5,0,3,0,0,2,0,8,2,0,3,0,1
30,3,1,3,1,1,5,0,4,0,0,5,2,4,1,0,4,0,1
26,2,2,2,1,1,3,0,3,0,0,4,0,2,2,0,6,0,1
20,1,3,1,0,0,3,0,4,1,0,1,1,3,1,0,3,0,1
20,6,1,6,1,2,2,0,6,0,0,1,0,3,0,0,0,0,1
18,0,3,0,2,0,4,0,5,0,0,1,0,2,1,0,2,0,1
23,0,3,0,0,0,5,0,5,0,0,4,0,2,1,0,3,0,1
7,2,1,2,0,0,1,0,2,0,0,0,0,2,0,0,1,0,1
12,0,2,0,1,0,1,0,2,0,0,3,0,1,0,0,2,0,1
7,0,1,0,0,0,1,0,1,0,0,0,0,1,1,0,2,0,1
23,4,0,4,2,2,3,0,3,0,0,2,0,3,0,0,2,0,1
11,1,2,1,1,0,3,0,4,0,0,0,0,3,0,0,0,0,1
35,2,3,2,2,2,6,0,6,1,0,1,0,3,1,0,4,0,1
11,1,0,1,0,0,1,0,2,0,0,0,0,3,1,0,6,0,1
32,5,2,5,2,3,4,0,7,0,0,1,1,1,2,0,3,0,1
51,2,6,2,0,2,9,0,8,0,0,3,2,6,2,0,9,0,1
17,2,3,2,2,0,3,0,4,0,0,0,0,2,0,0,1,0,1
6,0,0,0,0,0,1,0,2,0,0,0,0,1,1,0,2,0,1
8,1,2,1,0,0,1,0,1,1,0,0,2,1,0,0,0,0,1
21,1,4,1,2,1,3,0,6,2,0,0,0,1,0,0,2,0,1
8,0,1,0,0,0,0,0,0,0,0,2,0,1,1,0,2,0,1
6,0,0,0,0,0,0,0,1,0,0,1,0,1,1,0,2,0,1
14,1,2,1,0,1,2,0,3,0,0,0,1,2,0,0,2,0,1
23,3,2,3,2,0,3,0,5,0,0,3,0,3,1,0,1,0,1
6,1,0,1,0,1,0,0,2,0,0,1,0,1,0,0,1,0,1
8,2,1,2,1,1,1,0,2,0,0,0,0,1,0,0,0,0,1
5,0,0,0,0,0,1,0,1,0,0,2,0,1,0,0,1,0,1
17,3,3,3,2,1,3,0,2,0,0,1,1,3,0,0,0,0,1
11,2,3,2,0,1,0,0,4,0,0,0,0,2,0,0,0,0,1
9,0,0,0,0,0,3,0,3,0,0,0,0,2,1,0,0,0,1
44,2,6,2,2,1,9,0,9,0,0,4,0,4,2,0,7,0,1
36,2,4,2,0,0,6,0,7,0,0,2,1,3,2,0,7,0,1
6,0,1,0,0,0,0,0,2,0,0,1,0,1,0,0,2,0,1
14,0,2,0,0,0,2,0,3,0,0,1,1,2,2,0,3,0,1
8,1,1,1,0,1,0,0,3,0,0,1,0,2,0,0,1,0,1
28,2,2,2,0,2,2,0,7,1,0,3,0,3,2,0,5,0,1
68,5,11,5,2,1,13,0,16,0,0,7,1,7,1,0,7,0,1
17,0,1,0,1,1,2,0,2,0,0,1,0,3,1,0,4,0,1
13,1,1,1,1,0,3,0,3,0,0,0,0,1,1,0,2,0,1
29,2,5,2,1,2,4,0,4,0,0,2,4,6,0,0,3,0,1
35,6,4,6,1,2,6,0,6,1,0,0,2,2,1,0,3,0,1
10,0,1,0,1,1,2,0,2,0,0,2,0,2,0,0,0,0,1
9,0,1,0,0,0,2,0,1,0,0,0,0,1,0,0,1,0,1
5,0,0,0,0,0,0,0,1,1,0,1,0,1,0,0,1,0,1
13,2,1,2,0,1,2,0,2,0,0,0,0,4,0,0,0,0,1
14,0,2,0,1,1,3,0,5,0,0,1,0,1,0,0,1,0,1
15,1,1,1,1,0,0,0,3,0,0,2,1,4,0,0,3,0,1
6,0,0,0,0,1,0,0,1,1,0,1,0,1,0,0,1,0,1
37,0,5,0,3,2,9,0,10,0,0,3,0,2,2,0,2,0,1
23,3,2,3,1,1,5,0,5,0,0,3,0,1,0,0,2,0,1
25,1,5,1,0,0,3,0,6,0,0,0,0,2,2,0,5,0,1
42,0,9,0,1,3,4,0,9,1,0,4,0,7,2,0,7,0,1
10,1,0,1,0,1,2,0,2,0,0,0,0,1,0,0,2,0,1
3,1,0,1,0,0,0,0,1,0,0,0,0,1,0,0,0,0,1
7,2,0,2,1,1,1,0,1,0,0,0,0,1,0,0,0,0,1
8,0,1,0,0,1,0,0,0,0,0,2,0,3,0,0,2,0,1
8,1,1,1,0,1,2,0,2,0,0,1,0,2,0,0,0,0,1
11,1,2,1,1,0,2,0,3,0,0,0,0,1,0,0,1,0,1
13,0,2,0,0,2,2,0,4,0,0,1,1,1,0,0,1,0,1
16,3,2,3,2,0,2,0,3,0,0,1,0,3,0,0,0,0,1
20,1,2,1,0,1,6,0,5,1,0,0,0,4,1,0,2,0,1
67,4,6,4,4,3,8,0,15,0,0,7,0,11,8,0,10,0,1
8,0,2,0,0,0,0,0,0,0,0,1,1,2,0,0,2,0,1
11,1,2,1,0,0,0,0,3,1,0,0,0,2,0,0,1,0,1
9,0,1,0,0,0,1,0,1,0,0,0,0,1,0,0,3,0,1
14,1,1,1,2,1,2,0,2,0,0,1,3,2,0,0,0,0,1
8,1,1,1,0,0,1,0,1,1,0,1,0,1,0,0,1,0,1
53,2,9,2,1,1,8,0,12,2,0,4,2,5,0,0,5,0,1
4,1,0,1,0,0,1,0,1,0,0,0,0,1,0,0,1,0,1
41,1,5,1,2,3,5,0,6,0,0,3,0,5,3,0,8,0,1
9,1,1,1,1,0,2,0,2,0,0,0,0,2,0,0,0,0,1
7,2,0,2,0,1,1,0,1,0,0,0,0,2,0,0,1,0,1
30,0,4,0,1,1,6,0,8,0,0,1,0,3,2,0,5,0,1
7,0,1,0,0,0,1,0,2,0,0,0,0,2,0,0,2,0,1
36,1,6,1,0,1,7,0,9,0,0,0,4,6,0,0,4,0,1
24,1,4,1,1,1,6,0,7,0,0,0,0,1,1,0,3,0,1
32,6,5,6,2,3,5,0,6,0,0,0,0,2,0,0,2,0,1
35,1,5,1,1,2,7,0,8,0,0,1,0,2,1,0,7,0,1
15,4,1,4,1,1,2,0,2,1,0,1,0,1,0,0,2,0,1
10,2,1,2,1,1,2,0,2,0,0,0,0,1,0,0,0,0,1
30,1,3,1,1,1,6,0,7,1,0,3,1,2,2,0,3,0,1
19,3,1,3,2,1,3,0,3,0,0,0,0,4,2,0,2,0,1
10,0,1,0,0,0,1,0,1,0,0,1,1,1,1,0,3,0,1
21,1,3,1,0,2,5,0,6,0,0,1,0,3,0,0,2,0,1
4,1,0,1,0,0,0,0,2,0,0,0,0,4,0,0,1,0,1
24,3,1,3,0,2,4,0,5,0,0,1,0,1,1,0,3,0,1
4,1,0,1,0,0,1,0,1,0,0,0,0,1,0,0,1,0,1
27,1,2,1,1,1,6,0,5,0,0,3,0,2,2,0,4,0,1
5,1,0,1,1,0,0,0,0,0,0,0,2,2,0,0,0,0,1
52,1,7,1,4,2,6,0,11,0,0,7,0,5,0,0,8,0,1
17,1,1,1,2,1,2,0,3,0,0,1,0,3,1,0,2,0,1
6,1,1,1,0,0,1,0,1,0,0,1,0,1,0,0,1,0,1
6,0,0,0,0,0,1,0,0,0,0,1,2,1,0,0,2,0,1
31,1,2,1,1,2,2,0,5,0,0,5,0,4,2,0,6,0,1
5,0,0,0,1,0,1,0,2,0,0,0,0,1,0,0,0,0,1
17,1,2,1,1,0,2,0,2,0,0,2,2,3,2,0,2,0,1
23,3,2,3,1,1,4,0,5,0,0,1,0,2,0,0,2,0,1
4,0,0,0,0,0,0,0,0,0,0,1,0,1,0,0,2,0,1
31,4,2,4,1,3,6,0,7,0,0,0,1,3,1,0,3,0,1
38,1,4,1,1,1,10,0,9,0,0,2,0,2,3,0,5,0,1
6,1,0,1,1,0,1,0,1,0,0,1,0,1,0,0,0,0,1
6,2,0,2,2,0,1,0,1,0,0,0,0,3,0,0,0,0,1
33,1,6,1,1,2,6,0,8,0,0,5,0,5,0,0,2,0,1
55,5,4,5,2,1,10,0,10,0,0,5,1,6,3,0,6,0,1
32,1,4,1,2,1,3,0,2,1,0,4,2,3,1,0,7,0,1
45,6,4,6,4,1,10,0,9,0,0,3,2,7,1,0,2,0,1
5,1,0,1,0,0,0,0,0,0,0,0,1,1,0,0,2,0,1
3,0,0,0,0,1,0,0,0,0,0,0,0,2,0,0,1,0,1
8,1,2,1,0,0,2,0,2,0,0,0,0,1,0,0,1,0,1
5,0,0,0,0,0,0,0,1,0,0,0,3,2,0,0,1,0,1
19,0,3,0,1,1,1,0,3,0,0,3,1,3,0,0,2,0,1
39,4,3,4,4,1,5,0,4,0,0,2,2,5,5,0,4,0,1
16,1,1,1,2,1,0,0,1,0,0,1,0,6,2,0,2,0,1
13,2,1,2,1,0,3,0,3,0,0,0,0,2,0,0,1,0,1
9,2,1,2,0,1,1,0,2,0,0,0,0,2,0,0,0,0,1
19,2,3,2,0,1,3,0,4,0,0,2,0,1,0,0,4,0,1
28,2,4,2,1,1,4,0,6,1,0,2,2,3,1,0,3,0,1
6,1,1,1,1,0,1,0,1,0,0,0,0,1,0,0,0,0,1
48,3,6,3,1,1,8,0,9,0,0,7,0,6,0,0,4,0,1
10,1,0,1,1,0,1,0,1,0,0,1,0,1,2,0,1,0,1
22,1,4,1,1,2,3,0,4,0,0,2,1,3,2,0,2,0,1
30,2,2,2,0,1,7,0,7,0,0,3,0,3,2,0,3,0,1
13,1,2,1,0,0,3,0,3,0,0,0,0,2,0,0,2,0,1
18,1,3,1,0,1,2,0,2,0,0,1,0,3,1,0,2,0,1
10,2,2,2,0,1,0,0,1,0,0,1,0,3,0,0,1,0,1
25,1,1,1,1,1,3,0,4,0,0,1,0,5,2,0,6,0,1
20,2,6,2,1,0,3,0,3,0,0,1,2,2,0,0,1,0,1
4,2,0,2,0,1,0,0,1,0,0,0,0,2,0,0,0,0,1
10,1,2,1,0,1,2,0,4,0,0,0,0,1,0,0,0,0,1
11,1,2,1,0,1,2,0,2,0,0,1,0,2,0,0,0,0,1
6,1,1,1,0,0,1,0,2,0,0,0,0,1,0,0,1,0,1
23,3,0,3,0,2,3,0,3,0,0,0,0,4,2,0,5,0,1
13,1,3,1,0,0,4,0,4,0,0,0,1,1,0,0,0,0,1
16,0,2,0,0,2,2,0,2,0,0,2,0,2,0,0,4,0,1
31,0,5,0,0,1,6,0,7,0,0,3,0,4,1,0,4,0,1
36,2,4,2,2,2,5,0,5,0,0,5,1,5,0,0,5,0,1
10,1,1,1,1,1,1,0,1,0,0,1,0,3,0,0,1,0,1
61,7,8,7,0,2,13,0,13,0,0,4,2,7,2,0,5,0,1
2,1,0,1,0,0,0,0,0,0,0,0,0,1,0,0,0,0,1
13,1,1,1,2,0,3,0,2,1,0,1,0,1,0,0,1,0,1
35,4,3,4,0,2,4,0,9,0,0,1,3,5,1,0,4,0,1
46,2,8,2,0,2,9,0,14,0,0,3,3,4,0,0,4,0,1
30,4,3,4,1,1,7,0,7,0,0,1,1,2,1,0,3,0,1
4,2,0,2,0,1,0,0,0,0,0,0,0,1,0,0,0,0,1
25,1,4,1,0,1,5,0,5,0,0,2,0,4,2,0,5,0,1
17,2,1,2,1,1,2,0,3,0,0,1,0,3,0,0,3,0,1
7,1,0,1,0,0,1,0,1,0,0,1,0,1,0,0,1,0,1
45,4,2,4,2,2,6,0,6,0,0,6,0,3,5,0,9,0,1
47,2,9,2,0,1,11,0,10,0,0,4,0,5,1,0,4,0,1
13,1,1,1,0,0,3,0,2,0,0,2,1,3,0,0,1,0,1
16,0,3,0,1,1,2,0,2,1,0,3,0,2,1,0,2,0,1
40,2,4,2,0,1,7,0,9,0,0,4,2,2,4,0,6,0,1
25,2,3,2,1,1,5,0,4,0,0,4,2,2,0,0,3,0,1
30,3,3,3,2,1,2,0,4,1,0,3,0,4,4,0,5,0,1
81,6,6,6,2,4,11,0,15,0,0,7,3,9,6,0,14,0,1
4,1,0,1,0,0,1,0,1,0,0,0,0,1,0,0,1,0,1
31,4,6,4,1,1,7,0,9,0,0,0,0,4,0,0,0,0,1
41,0,6,0,1,1,8,0,8,0,0,3,1,5,2,0,9,0,1
36,5,3,5,1,3,2,0,5,0,0,4,0,2,3,0,6,0,1
19,2,3,2,0,1,1,1,3,0,0,0,4,3,0,0,2,0,1
4,1,0,1,1,0,1,0,1,0,0,0,0,1,0,0,0,0,1
17,0,2,0,0,1,3,0,5,0,0,1,1,2,0,0,2,0,1
55,3,8,3,2,1,10,0,9,0,0,1,11,10,0,0,5,0,1
28,1,4,1,1,1,4,0,4,1,0,2,2,2,3,0,5,0,1
20,1,3,1,0,2,4,0,4,0,0,1,0,2,1,0,3,0,1
6,0,0,0,1,0,0,0,1,0,0,2,2,2,0,0,0,0,1
21,1,0,1,0,1,2,0,3,0,0,1,0,1,4,0,6,0,1
36,2,5,2,0,1,6,0,7,0,0,2,0,2,2,0,6,0,1
5,0,1,0,0,0,1,0,2,0,0,0,0,1,0,0,1,0,1
14,0,0,0,0,0,1,0,2,0,0,0,0,3,1,0,6,0,1
21,2,2,2,1,0,5,0,5,0,0,1,0,1,1,0,3,0,1
26,1,3,1,0,0,5,0,3,1,0,0,2,2,4,0,5,0,1
16,0,2,0,1,0,2,0,4,1,0,0,0,2,2,0,3,0,1
51,5,8,5,1,1,8,0,8,1,0,6,0,7,4,0,6,0,1
27,3,3,3,0,2,3,0,3,0,0,3,1,6,1,0,4,0,1
30,1,4,1,1,1,6,0,8,0,0,0,2,3,2,0,4,0,1
43,6,6,6,1,0,6,0,8,1,0,4,0,7,0,0,4,0,1
8,1,1,1,1,0,0,0,0,0,0,2,0,1,0,0,1,0,1
23,0,3,0,1,2,4,0,3,1,0,3,4,2,0,0,1,0,1
9,1,1,1,0,1,1,0,2,0,0,1,0,2,0,0,2,0,1
6,1,0,1,1,0,1,0,1,0,0,0,0,2,0,0,0,0,1
7,2,1,2,0,0,2,0,1,0,0,1,0,1,0,0,0,0,1
18,2,3,2,1,1,3,0,2,1,0,2,0,2,0,0,2,0,1
6,1,0,1,0,1,0,0,1,0,0,0,0,1,1,0,1,0,1
35,2,7,2,0,0,6,0,7,0,0,3,1,4,0,0,4,0,1
6,1,1,1,0,0,0,0,2,0,0,0,0,2,0,0,0,0,1
51,3,9,3,1,3,10,0,11,0,0,1,2,4,2,0,5,0,1
32,2,4,2,2,0,5,0,6,0,0,3,0,3,2,0,6,0,1
7,0,1,0,1,0,2,0,1,1,0,0,1,1,0,0,0,0,1
17,0,0,0,0,3,1,0,0,0,0,2,3,4,1,0,4,0,1
6,0,0,0,0,0,1,0,1,0,0,1,0,1,1,0,1,0,1
19,0,1,0,1,1,3,0,3,0,0,2,0,2,1,0,4,0,1
73,2,10,2,2,1,11,0,13,0,0,11,3,9,4,0,9,0,1
13,3,1,3,2,0,2,0,2,0,0,0,0,4,0,0,1,0,1
53,2,6,2,3,4,12,0,14,1,0,2,0,5,0,0,5,0,1
16,2,1,2,0,1,2,0,3,0,0,1,0,2,2,0,4,0,1
4,1,0,1,0,0,1,0,1,0,0,0,0,1,0,0,0,0,1
6,0,1,0,0,0,1,0,1,0,0,0,0,1,0,0,0,0,1
41,5,3,5,1,1,7,0,9,1,0,3,0,6,1,0,5,0,1
18,0,3,0,1,0,3,0,3,0,0,2,0,2,1,0,2,0,1
30,2,3,2,2,0,3,0,4,0,0,6,0,4,1,0,6,0,1
31,1,5,1,1,0,7,0,6,1,0,2,1,4,0,0,3,0,1
15,1,1,1,1,1,2,0,3,0,0,2,0,2,2,0,2,0,1
21,1,2,1,1,2,4,0,6,1,0,1,0,3,0,0,1,0,1
15,1,1,1,1,1,0,0,0,1,0,4,0,2,0,0,3,0,1
14,1,2,1,0,0,2,0,1,1,0,1,0,3,3,0,3,0,1
8,0,1,0,0,0,1,0,1,0,0,1,0,3,0,0,1,0,1
13,3,1,3,1,0,2,0,2,0,0,1,0,1,1,0,2,0,1
19,1,1,1,1,1,2,0,2,0,0,0,2,3,1,0,4,0,1
25,3,2,3,1,1,5,0,5,0,0,1,2,2,1,0,3,0,1
7,0,1,0,0,0,0,0,1,0,0,2,0,2,0,0,1,0,1
18,3,3,3,0,2,3,0,4,0,0,0,0,2,0,0,2,0,1
20,5,2,5,1,2,4,0,5,0,0,1,0,3,0,0,0,0,1
65,5,5,5,4,4,10,0,13,0,0,3,3,10,2,0,10,0,1
44,0,9,0,1,1,4,0,8,1,0,5,3,5,3,0,6,0,1
21,3,2,3,1,0,4,0,4,0,0,1,0,3,1,0,3,0,1
21,3,3,3,0,3,2,0,2,0,0,1,1,4,1,0,1,0,1
18,0,4,0,0,0,4,0,4,0,0,3,0,1,0,0,3,0,1
20,2,4,2,1,0,3,0,3,0,0,0,0,2,1,0,3,0,1
18,1,3,1,0,0,4,0,6,0,0,0,0,3,2,0,2,0,1
23,1,2,1,2,1,2,0,5,1,0,0,0,2,0,0,2,0,1
69,4,12,4,3,2,12,0,17,2,0,3,1,10,1,0,7,0,1
46,1,7,1,1,1,7,0,8,0,0,3,8,9,0,0,4,0,1
11,0,0,0,0,0,0,0,1,0,0,1,0,2,2,0,4,0,1
6,0,0,0,0,0,1,0,1,0,0,2,0,1,0,0,2,0,1
11,1,2,1,0,0,2,0,2,1,0,1,0,1,0,0,1,0,1
27,2,3,2,2,1,7,0,4,0,0,1,1,4,1,0,1,0,1
17,2,2,2,0,0,2,0,3,0,0,2,1,2,2,0,3,0,1
35,0,2,0,3,2,2,0,5,0,0,8,1,3,2,0,8,0,1
20,1,3,1,0,1,3,0,6,0,0,2,0,3,0,0,3,0,1
16,1,2,1,0,1,3,0,3,0,0,1,0,1,0,0,3,0,1
44,6,9,6,0,2,8,0,10,0,0,1,2,6,1,0,2,0,1
8,2,1,2,0,1,1,0,3,0,0,0,0,1,0,0,0,0,1
23,0,2,0,0,1,4,0,4,0,0,1,2,7,2,0,4,0,1
31,1,3,1,2,2,4,0,5,1,0,2,0,2,2,0,4,0,1
15,1,0,1,1,0,2,0,3,0,0,2,0,2,1,0,1,0,1
9,1,2,1,1,0,2,0,3,0,0,0,0,2,0,0,0,0,1
27,5,3,5,0,2,4,0,4,0,0,1,1,4,0,0,3,0,1
8,0,0,0,0,0,3,0,0,0,0,1,0,2,0,0,1,0,1
38,1,5,1,0,3,9,0,8,0,0,4,2,6,0,0,4,0,1
17,0,2,0,1,0,4,0,2,1,0,2,2,2,1,0,1,0,1
35,0,2,0,2,1,4,0,6,2,0,4,0,10,2,0,5,0,1
51,3,3,3,2,4,10,0,11,0,0,1,1,5,2,0,6,0,1
38,5,2,5,2,3,4,0,6,1,0,3,0,8,4,0,4,0,1
6,0,2,0,0,0,2,0,2,0,0,0,0,2,0,0,0,0,1
6,0,0,0,0,0,1,0,1,0,0,1,0,3,1,0,2,0,1
15,0,1,0,0,0,3,0,4,0,0,3,0,1,0,0,3,0,1
5,0,0,0,0,0,1,0,1,0,0,0,1,1,0,0,1,0,1
30,0,5,0,0,1,4,0,5,0,0,2,2,6,2,0,8,0,1
22,4,3,4,0,2,3,0,6,0,0,1,0,4,1,0,2,0,1
29,1,4,1,2,1,5,0,6,0,0,3,0,7,0,0,4,0,1
17,2,3,2,0,0,3,0,5,0,0,1,0,2,0,0,2,0,1
16,1,2,1,1,0,4,0,4,0,0,0,0,2,1,0,2,0,1
9,1,1,1,0,0,1,0,2,0,0,0,2,1,0,0,1,0,1
8,1,0,1,1,0,1,0,2,0,0,1,0,1,0,0,2,0,1
29,2,3,2,0,1,6,0,6,0,0,3,0,5,2,0,5,0,1
5,0,0,0,0,0,0,0,1,0,0,0,0,2,2,0,2,0,1
21,1,2,1,1,0,3,0,4,2,0,3,0,3,1,0,3,0,1
23,2,2,2,1,0,6,0,4,0,0,3,0,3,1,0,4,0,1
6,0,1,0,0,0,1,0,1,0,0,0,0,1,1,0,2,0,1
17,0,2,0,0,0,4,0,3,0,0,3,0,1,1,0,3,0,1
16,1,1,1,0,3,3,0,3,0,0,0,0,1,0,0,3,0,1
7,1,2,1,0,0,2,0,2,0,0,0,0,1,0,0,0,0,1
5,1,0,1,1,1,1,0,1,0,0,0,0,1,0,0,0,0,1
25,2,5,2,0,0,4,0,5,0,0,5,0,2,0,0,2,0,1
32,5,5,5,1,3,3,0,9,0,0,1,0,4,1,0,4,0,1
31,1,4,1,2,1,6,0,5,1,0,3,2,3,0,0,3,0,1
62,5,7,5,0,5,8,0,8,0,0,4,5,2,1,0,9,0,1
11,0,1,0,0,0,1,0,1,0,0,2,2,1,1,0,2,0,1
22,0,3,0,0,0,5,0,5,0,0,2,0,2,1,0,4,0,1
9,1,1,1,0,1,1,0,1,0,0,1,0,2,0,0,1,0,1
19,2,1,2,1,2,3,0,2,0,0,4,0,2,0,0,3,0,1
10,1,0,1,1,0,1,0,1,0,0,1,1,2,1,0,2,0,1
14,1,2,1,0,1,2,0,2,0,0,2,1,1,0,0,2,0,1
10,2,1,2,2,0,2,0,2,0,0,0,0,2,0,0,0,0,1
17,2,3,2,1,1,3,0,5,0,0,0,0,1,1,0,1,0,1
22,4,2,4,0,1,3,0,2,0,0,2,0,5,1,0,3,0,1
8,1,0,1,0,0,0,0,0,0,0,0,0,1,2,0,3,0,1
13,2,2,2,1,1,1,0,1,0,0,1,0,1,0,0,2,0,1
42,2,4,2,2,2,7,0,6,0,0,5,3,6,1,0,5,0,1
24,1,3,1,2,0,7,0,6,0,0,0,1,2,0,0,2,0,1
12,2,1,2,0,2,2,0,2,0,0,0,0,1,0,0,1,0,1
11,2,1,2,0,0,1,0,2,0,0,2,0,1,0,0,1,0,1
22,4,1,4,0,2,5,0,4,0,0,0,0,3,1,0,3,0,1
5,0,0,0,0,0,0,0,0,0,0,0,2,3,1,0,0,0,1
12,1,2,1,0,0,1,0,1,0,0,3,0,3,0,0,2,0,1
14,2,2,2,0,1,3,0,3,0,0,1,0,2,0,0,1,0,1
33,2,1,2,3,2,4,0,5,0,0,2,0,5,3,0,7,0,1
28,2,4,2,0,1,5,0,7,0,0,2,2,4,1,0,4,0,1
17,1,3,1,2,1,4,0,3,0,0,0,0,2,0,0,1,0,1
7,0,2,0,0,0,0,0,0,0,0,0,3,1,0,0,1,0,1
14,0,0,0,1,0,0,0,1,1,0,2,0,2,3,0,6,0,1
19,0,3,0,1,0,3,0,3,0,0,2,0,2,2,0,3,0,1
20,1,2,1,1,0,4,0,4,0,0,0,0,3,2,0,3,0,1
6,1,0,1,1,1,0,0,1,0,0,0,0,1,1,0,1,0,1
17,2,1,2,0,2,3,0,3,0,0,0,0,2,1,0,2,0,1
11,1,2,1,1,0,1,0,2,0,0,1,0,2,0,0,1,0,1
18,1,1,1,3,1,3,0,3,0,0,0,1,1,2,0,2,0,1
69,3,10,3,3,2,15,0,13,1,0,6,3,7,2,0,6,0,1
28,5,1,5,2,3,4,0,4,0,0,0,1,7,2,0,3,0,1
7,1,1,1,0,1,0,0,2,0,0,0,0,2,0,0,1,0,1
9,0,2,0,0,0,2,0,2,0,0,0,1,2,0,0,1,0,1
14,1,1,1,0,0,0,0,2,0,0,0,0,6,2,0,3,0,1
20,0,3,0,0,0,3,0,4,0,0,1,0,1,3,0,5,0,1
6,1,0,1,0,0,0,0,1,0,0,1,0,1,1,0,2,0,1
24,2,3,2,3,0,3,0,5,0,0,0,2,5,1,0,2,0,1
30,3,8,3,2,0,2,0,8,0,0,1,2,4,1,0,2,0,1
29,3,3,3,0,1,7,0,8,0,0,2,0,3,0,0,2,0,1
16,2,2,2,2,0,1,0,3,0,0,2,0,3,0,0,2,0,1
6,0,0,0,0,0,0,0,0,0,0,0,0,1,1,0,3,0,1
10,1,1,1,1,1,1,0,1,0,0,2,0,2,0,0,1,0,1
34,2,5,2,1,1,7,0,6,0,0,3,1,2,1,0,5,0,1
49,2,6,2,0,3,9,0,12,0,0,1,1,2,5,0,6,0,1
51,7,8,7,2,4,6,0,13,1,0,0,2,9,0,0,6,0,1
33,4,4,4,3,1,4,0,4,0,0,5,0,4,1,0,3,0,1
11,0,2,0,0,0,3,0,2,1,0,1,0,1,0,0,1,0,1
18,1,0,1,1,1,3,0,3,0,0,1,0,1,1,0,5,0,1
19,2,2,2,1,1,3,0,3,1,0,2,0,5,0,0,3,0,1
18,3,3,3,2,1,4,0,2,1,0,0,0,2,0,0,0,0,1
19,2,0,2,2,0,2,0,2,0,0,3,1,5,2,0,2,0,1
46,2,8,2,0,3,10,0,11,1,0,1,0,3,3,0,6,0,1
15,0,2,0,1,0,2,0,3,0,0,0,0,3,1,0,3,0,1
4,0,1,0,0,0,0,0,1,0,0,0,1,1,0,0,0,0,1
4,0,0,0,0,0,1,0,1,0,0,1,0,1,0,0,1,0,1
30,2,8,2,0,1,5,0,7,0,0,3,1,4,0,0,3,0,1
16,1,3,1,0,1,3,0,4,0,0,1,1,4,0,0,1,0,1
19,2,1,2,1,1,2,0,3,0,0,2,0,2,1,0,2,0,1
79,0,13,0,0,5,10,0,21,3,0,10,1,2,1,0,12,0,1
25,1,2,1,1,1,4,0,5,0,0,2,1,3,1,0,4,0,1
17,1,2,1,3,1,1,0,2,0,0,3,0,3,1,0,2,0,1
14,0,2,0,0,1,1,0,1,0,0,0,0,2,0,0,5,0,1
8,1,1,1,0,0,3,0,2,0,0,0,1,2,0,0,0,0,1
22,2,1,2,0,2,4,0,5,0,0,1,0,7,0,0,3,0,1
10,1,2,1,0,0,2,0,2,0,0,2,0,1,0,0,1,0,1
18,2,3,2,1,0,4,0,5,0,0,2,0,3,0,0,1,0,1
27,1,4,1,2,1,4,0,4,0,0,6,0,2,0,0,3,0,1
20,5,1,5,2,0,6,0,5,0,0,0,0,6,0,0,0,0,1
40,3,6,3,2,2,8,0,12,0,0,3,0,2,0,0,4,0,1
9,1,1,1,1,1,2,0,2,0,0,0,0,1,0,0,0,0,1
14,3,1,3,1,1,3,0,2,0,0,0,1,1,0,0,1,0,1
15,2,2,2,1,0,3,0,3,0,0,2,0,1,0,0,2,0,1
48,4,5,4,5,2,4,0,9,0,0,4,0,5,4,0,8,0,1
7,0,1,0,0,0,1,0,1,0,0,2,0,1,0,0,2,0,1
35,3,7,3,1,1,9,0,10,0,0,0,0,2,0,0,3,0,1
6,0,1,0,0,0,1,0,1,0,0,1,1,2,0,0,0,0,1
16,2,2,2,0,1,3,0,4,0,0,0,0,4,1,0,2,0,1
10,2,1,2,0,0,1,0,2,0,0,1,0,1,0,0,1,0,1
24,5,4,5,1,1,4,0,4,0,0,0,2,3,0,0,1,0,1
32,2,8,2,1,1,6,0,10,0,0,0,0,5,0,0,2,0,1
25,2,3,2,1,1,7,0,6,0,0,0,0,2,1,0,2,0,1
34,1,6,1,1,2,8,0,7,0,0,1,1,3,2,0,4,0,1
12,1,1,1,1,0,3,0,2,0,0,2,0,2,0,0,1,0,1
7,1,1,1,1,0,2,0,2,0,0,0,0,1,0,0,0,0,1
9,1,0,1,0,1,1,0,1,0,0,0,0,2,1,0,2,0,1
9,1,0,1,1,1,0,0,1,0,0,1,0,2,1,0,3,0,1
7,1,0,1,1,0,1,0,1,0,0,1,0,1,0,0,1,0,1
7,0,1,0,1,0,1,0,1,0,0,1,0,1,1,0,1,0,1
26,2,1,2,0,4,2,0,2,1,0,4,1,4,0,0,4,0,1
7,2,0,2,1,1,2,0,1,0,0,0,0,1,0,0,0,0,1
295,23,29,23,19,7,57,1,59,1,0,26,12,38,8,0,28,0,1
14,3,2,3,1,1,1,0,2,0,0,1,0,4,0,0,0,0,1
9,3,1,3,0,1,2,0,2,0,0,0,0,1,0,0,0,0,1
24,3,4,3,0,1,5,0,7,0,0,1,0,1,1,0,2,0,1
26,1,6,1,0,0,5,0,4,0,0,2,3,4,1,0,2,0,1
5,1,0,1,1,0,1,0,1,0,0,0,1,2,0,0,0,0,1
5,1,0,1,1,0,1,0,1,0,0,0,1,1,0,0,0,0,1
7,0,1,0,0,0,2,0,2,0,0,0,0,1,0,0,1,0,1
10,2,1,2,1,1,2,0,2,0,0,0,0,3,0,0,0,0,1
23,1,4,1,1,1,5,0,6,0,0,0,0,3,0,0,1,0,1
32,4,5,4,1,0,5,0,8,0,0,3,3,5,0,0,1,0,1
8,0,1,0,0,0,0,0,1,0,0,0,0,2,0,0,4,0,1
9,2,1,2,0,0,1,0,1,0,0,1,1,2,0,0,1,0,1
26,2,0,2,1,2,4,0,3,0,0,3,1,2,1,0,6,0,1
25,2,4,2,1,1,4,0,3,0,0,4,1,2,0,0,3,0,1
10,2,1,2,0,0,2,0,2,0,0,1,0,1,0,0,1,0,1
20,1,3,1,2,0,5,0,5,0,0,2,0,2,0,0,1,0,1
32,1,4,1,2,3,5,0,6,0,0,3,3,3,0,0,5,0,1
40,4,2,4,1,1,7,0,5,2,0,2,1,5,3,0,5,0,1
13,1,2,1,0,0,2,0,2,0,0,2,0,2,0,0,2,0,1
49,2,7,2,2,1,10,0,10,0,0,4,2,2,2,0,6,0,1
19,3,2,3,2,1,3,0,3,0,0,0,2,5,0,0,0,0,1
44,3,6,3,1,2,6,0,7,1,0,2,1,7,3,0,9,0,1
21,3,2,3,0,0,3,0,6,0,0,1,0,1,2,0,4,0,1
25,1,2,1,0,2,4,0,4,0,0,4,0,1,1,0,5,0,1
11,0,0,0,0,1,3,0,1,0,0,0,2,1,1,0,2,0,1
28,2,4,2,0,1,4,0,5,0,0,0,6,10,0,0,1,0,1
5,0,1,0,0,0,1,0,1,0,0,0,0,1,0,0,1,0,1
16,0,2,0,1,2,6,0,5,0,0,0,0,1,0,0,0,0,1
34,2,8,2,0,0,8,0,7,1,0,2,2,6,0,0,1,0,1
11,1,0,1,0,0,2,0,1,0,0,2,2,2,1,0,2,0,1
13,2,1,2,1,0,1,0,2,0,0,3,0,2,0,0,1,0,1
52,3,5,3,0,3,9,1,11,0,0,3,2,6,3,0,9,0,1
37,3,7,3,3,1,9,0,9,0,0,2,0,3,0,0,3,0,1
18,1,3,1,0,0,5,0,5,0,0,0,0,1,1,0,3,0,1
12,2,1,2,0,0,2,0,4,0,0,0,0,4,0,0,1,0,1
14,0,2,0,1,0,3,0,3,0,0,0,0,1,1,0,2,0,1
22,0,2,0,0,1,2,0,4,0,0,4,0,2,2,0,6,0,1
7,1,1,1,0,0,1,0,2,0,0,1,0,1,0,0,1,0,1
32,5,6,5,0,1,6,0,5,1,0,0,4,6,0,0,2,0,1
9,1,1,1,0,0,1,0,2,0,0,0,0,1,2,0,2,0,1
9,0,0,0,0,0,1,0,1,0,0,1,0,1,2,0,3,0,1
35,1,6,1,0,2,8,0,8,0,0,3,2,2,0,0,4,0,1
18,1,3,1,1,1,6,0,4,0,0,0,0,3,0,0,1,0,1
11,3,2,3,1,0,2,0,2,0,0,0,0,3,0,0,0,0,1
21,0,2,0,3,1,4,0,4,0,0,2,0,2,2,0,1,0,1
32,1,5,1,1,2,7,0,8,0,0,1,2,7,0,0,2,0,1
23,3,2,3,2,3,4,0,8,0,0,0,0,5,0,0,0,0,1
8,1,1,1,1,0,1,0,1,0,0,1,0,2,0,0,1,0,1
6,1,0,1,0,0,0,0,1,0,0,0,0,2,2,0,2,0,1
12,1,1,1,1,0,3,0,3,0,0,2,0,1,0,0,1,0,1
9,2,0,2,0,0,2,0,2,0,0,1,0,1,0,0,1,0,1
12,1,2,1,1,0,2,0,3,0,0,0,3,1,0,0,0,0,1
6,0,1,0,0,0,1,0,1,0,0,1,0,1,1,0,1,0,1
3,0,1,0,0,0,0,0,1,0,0,0,1,1,0,0,0,0,1
18,1,0,1,2,1,3,0,3,0,0,2,0,2,1,0,4,0,1
4,0,0,0,0,0,0,0,0,0,0,0,0,1,1,0,2,0,1
15,0,2,0,1,0,3,0,2,1,0,2,0,3,0,0,2,0,1
33,1,6,1,2,0,8,0,9,0,0,0,0,3,1,0,4,0,1
5,0,1,0,0,0,2,0,2,0,0,0,0,1,0,0,0,0,1
59,1,8,1,3,2,13,0,12,0,0,4,9,7,0,0,5,0,1
15,1,1,1,1,1,1,0,1,0,0,1,0,1,1,0,6,0,1
14,1,2,1,1,0,3,0,2,1,0,1,0,1,1,0,1,0,1
13,0,1,0,0,1,1,0,2,0,0,1,0,2,1,0,4,0,1
18,1,2,1,1,0,2,0,2,0,0,1,1,1,2,0,3,0,1
13,1,2,1,1,1,2,0,3,0,0,1,0,2,0,0,0,0,1
49,2,5,2,2,4,5,0,5,0,0,8,3,3,5,0,6,0,1
19,5,1,5,1,1,3,0,3,0,0,0,0,4,1,0,1,0,1
10,2,1,2,0,0,1,0,1,0,0,1,0,3,0,0,1,0,1
28,4,1,4,1,2,3,0,5,1,0,1,2,4,2,0,3,0,1
22,1,4,1,0,0,4,0,6,1,0,1,0,7,0,0,1,0,1
24,1,2,1,0,0,4,0,5,1,0,4,1,2,1,0,3,0,1
19,1,2,1,1,0,1,0,3,2,0,2,0,2,3,0,2,0,1
5,1,0,1,0,0,1,0,1,0,0,0,0,2,0,0,0,0,1
27,3,3,3,1,1,5,0,4,0,0,1,2,2,0,0,4,0,1
14,1,2,1,1,0,3,0,3,0,0,2,0,1,0,0,1,0,1
22,1,3,1,0,2,5,0,4,1,0,2,1,4,0,0,2,0,1
20,1,4,1,0,1,4,0,4,0,0,1,2,1,0,0,2,0,1
3,0,0,0,0,0,1,0,0,0,0,1,1,1,0,0,0,0,1
8,0,1,0,0,0,1,0,1,0,0,1,3,2,0,0,1,0,1
5,1,0,1,1,0,1,0,1,1,0,0,0,1,0,0,0,0,1
13,1,1,1,1,1,2,0,2,0,0,1,0,2,1,0,2,0,1
10,1,0,1,0,0,2,0,1,0,0,0,1,1,2,0,2,0,1
20,3,2,3,1,1,2,0,2,0,0,2,0,2,0,0,3,0,1
17,1,3,1,1,1,2,0,4,1,0,2,0,3,0,0,2,0,1
32,1,8,1,0,0,5,0,7,0,0,4,0,4,0,0,4,0,1
47,5,6,5,2,1,7,0,8,0,0,1,5,3,3,0,5,0,1
41,1,8,1,1,3,8,0,11,0,0,2,1,2,0,0,5,0,1
148,5,17,5,6,7,20,0,21,1,0,22,5,19,6,0,18,0,1
18,1,2,1,1,0,4,0,3,1,0,3,0,1,0,0,2,0,1
23,2,3,2,0,1,4,0,3,0,0,1,1,4,2,0,4,0,1
12,1,2,1,0,0,2,0,3,0,0,1,0,1,1,0,2,0,1
25,3,3,3,1,1,3,0,5,0,0,3,0,2,0,0,3,0,1
70,9,13,9,0,2,12,0,17,1,0,4,1,16,0,0,3,0,1
52,4,3,4,1,3,15,0,15,0,0,1,0,10,2,0,3,0,1
24,3,1,3,2,1,6,0,6,0,0,1,0,3,0,0,2,0,1
9,0,3,0,1,0,0,0,4,0,0,1,0,4,0,0,0,0,1
25,1,5,1,0,0,5,0,6,0,0,2,1,4,0,0,3,0,1
44,3,8,3,0,0,10,0,9,0,0,5,3,7,0,0,6,0,1
61,6,4,6,5,5,6,0,5,0,0,11,1,6,2,0,10,0,1
6,2,0,2,0,1,1,0,1,0,0,0,0,1,0,0,0,0,1
8,2,1,2,0,1,1,0,1,0,0,1,0,2,0,0,1,0,1
5,2,0,2,0,1,0,0,1,0,0,0,0,3,0,0,0,0,1
38,2,3,2,4,1,6,0,6,0,0,6,1,7,1,0,4,0,1
54,4,8,4,2,1,14,0,11,0,0,3,7,7,0,0,3,0,1
43,0,8,0,0,1,8,0,9,0,0,6,2,5,0,0,6,0,1
5,0,0,0,0,0,1,0,1,0,0,0,1,1,0,0,1,0,1
22,1,3,1,2,1,3,0,4,0,0,3,0,2,0,0,3,0,1
29,3,6,3,1,1,7,0,8,0,0,0,2,2,0,0,1,0,1
22,0,2,0,2,2,2,0,6,1,0,0,0,4,1,0,2,0,1
14,1,2,1,0,0,1,0,3,0,0,1,0,2,1,0,2,0,1
14,1,1,1,2,0,3,0,2,0,0,2,0,2,0,0,2,0,1
24,3,4,3,1,1,5,0,7,0,0,0,0,3,0,0,0,0,1
15,0,3,0,1,0,2,0,3,0,0,2,0,3,0,0,2,0,1
24,2,6,2,0,0,6,0,8,0,0,0,0,3,0,0,2,0,1
36,1,3,1,3,0,7,0,6,0,0,3,1,6,4,0,5,0,1
39,6,3,6,2,0,4,0,9,0,0,5,1,8,1,0,4,0,1
23,1,1,1,2,1,4,0,3,0,0,1,3,4,0,0,3,0,1
32,1,4,1,1,1,6,0,7,0,0,0,0,4,2,0,4,0,1
22,0,1,0,1,1,4,0,4,0,0,2,1,4,1,0,4,0,1
18,0,3,0,0,0,5,0,5,0,0,1,0,1,1,0,2,0,1
7,1,0,1,1,1,1,0,1,0,0,1,0,2,0,0,0,0,1
16,1,2,1,0,2,3,0,2,1,0,0,3,2,0,0,1,0,1
14,0,3,0,0,0,2,0,4,0,0,1,2,3,0,0,0,0,1
21,2,3,2,0,0,4,0,4,0,0,2,2,3,1,0,2,0,1
19,2,2,2,1,2,3,0,8,0,0,0,0,4,0,0,0,0,1
9,1,1,1,1,1,1,0,3,1,0,0,0,1,0,0,0,0,1
9,1,1,1,1,0,2,0,2,0,0,0,0,1,0,0,0,0,1
61,8,10,8,2,3,9,0,14,1,0,1,4,11,1,0,7,0,1
4,3,0,3,0,0,0,0,1,0,0,0,0,4,0,0,0,0,1
19,4,3,4,0,1,2,0,6,0,0,0,0,4,0,0,2,0,1
65,5,9,5,5,1,12,0,11,1,0,5,2,8,1,0,8,0,1
24,1,4,1,1,0,2,0,4,0,0,4,0,2,3,0,3,0,1
10,1,1,1,0,0,1,0,2,0,0,0,2,3,0,0,2,0,1
9,2,0,2,1,1,1,0,1,0,0,0,0,2,0,0,0,0,1
46,4,8,4,1,1,7,0,9,0,0,5,0,7,1,0,7,0,1
22,2,2,2,1,1,4,0,4,0,0,2,0,5,0,0,4,0,1
4,0,0,0,0,0,0,0,0,0,0,1,0,1,0,0,2,0,1
12,1,1,1,0,0,2,0,2,1,0,1,0,2,1,0,1,0,1
23,4,1,4,2,2,3,0,4,0,0,0,0,6,1,0,3,0,1
50,3,7,3,2,2,9,0,10,0,0,5,2,3,1,0,5,0,1
99,8,22,8,1,0,24,0,25,1,0,4,10,11,0,0,2,0,1
4,3,0,3,0,1,0,0,0,0,0,0,0,2,0,0,0,0,1
24,3,2,3,3,1,4,0,5,0,0,0,1,1,2,0,1,0,1
16,3,3,3,1,1,2,0,5,0,0,0,0,2,0,0,0,0,1
74,3,10,3,3,2,9,0,11,4,0,5,3,11,4,0,11,0,1
14,1,3,1,0,0,5,0,4,0,0,0,0,2,0,0,0,0,1
39,4,7,4,1,1,6,0,7,0,0,2,0,3,2,0,6,0,1
14,1,1,1,2,0,3,0,2,0,0,0,0,2,1,0,0,0,1
13,4,1,4,1,1,1,0,2,0,0,1,0,1,0,0,2,0,1
19,4,2,4,1,0,4,0,3,0,0,2,0,4,0,0,2,0,1
8,1,0,1,0,0,1,0,1,0,0,2,0,3,0,0,2,0,1
24,0,1,0,1,2,4,0,4,0,0,4,0,3,0,0,7,0,1
5,0,0,0,0,0,0,0,0,0,0,2,2,2,0,0,1,0,1
3,1,0,1,0,0,1,0,1,0,0,0,0,1,0,0,0,0,1
18,4,3,4,0,0,4,0,4,0,0,1,0,2,0,0,2,0,1
29,1,4,1,2,0,4,0,4,0,0,1,0,2,3,0,5,0,1
7,1,0,1,0,0,1,0,1,0,0,0,2,1,1,0,1,0,1
4,2,0,2,1,1,0,0,0,0,0,0,0,1,0,0,0,0,1
12,0,2,0,0,0,4,0,4,0,0,0,0,1,0,0,2,0,1
29,4,5,4,2,1,3,0,6,0,0,3,0,3,2,0,3,0,1
9,1,1,1,0,0,0,0,1,0,0,3,1,2,0,0,1,0,1
3,0,0,0,0,0,0,0,1,0,0,0,0,2,0,0,1,0,1
34,4,4,4,0,1,3,0,17,0,0,1,0,14,1,0,2,0,1
11,2,1,2,0,1,2,0,2,0,0,0,1,1,0,0,1,0,1
31,0,5,0,0,1,7,0,5,0,0,3,1,2,0,0,5,0,1
14,0,1,0,1,0,2,0,2,1,0,0,2,2,0,1,2,0,1
14,1,3,1,1,0,2,0,2,1,0,1,1,3,0,0,0,0,1
39,2,4,2,0,2,4,0,6,2,0,3,0,5,2,0,8,0,1
49,2,5,2,1,4,8,0,6,0,0,6,2,4,3,0,9,0,1
39,1,8,1,1,1,3,0,3,0,0,10,1,4,1,0,5,0,1
11,0,1,0,0,1,2,0,2,0,0,2,0,2,0,0,2,0,1
15,0,3,0,0,1,4,0,4,0,0,2,0,1,0,0,1,0,1
13,2,1,2,1,0,1,0,2,0,0,1,1,1,1,0,1,0,1
21,5,2,5,1,1,3,0,6,0,0,0,0,3,1,0,2,0,1
17,4,1,4,0,1,5,0,3,0,0,1,0,1,0,0,1,0,1
26,2,4,2,1,1,2,0,4,2,0,2,1,5,1,0,2,0,1
22,1,2,1,1,2,2,0,5,0,0,1,0,4,2,0,3,0,1
5,0,1,0,0,0,1,0,1,0,0,1,0,1,0,0,1,0,1
20,1,2,1,0,1,2,0,3,1,0,0,0,4,1,0,5,0,1
32,1,3,1,0,2,5,0,7,0,0,3,0,4,1,0,7,0,1
8,0,1,0,0,0,3,0,2,0,0,0,0,1,0,0,1,0,1
20,2,2,2,3,1,3,0,5,1,0,0,0,2,1,0,1,0,1
5,0,0,0,1,0,1,0,2,0,0,0,0,1,0,0,0,0,1
5,1,0,1,0,0,0,0,0,0,0,2,0,1,0,0,1,0,1
4,0,0,0,0,0,0,0,0,0,0,1,0,1,0,0,2,0,1
11,0,0,0,0,1,1,0,1,0,0,2,0,1,1,0,4,0,1
51,5,7,5,3,1,8,0,7,0,0,4,1,5,0,0,5,0,1
49,1,5,1,2,1,6,0,10,1,0,0,1,8,6,0,10,0,1
14,1,3,1,0,1,3,0,4,0,0,0,2,1,0,0,0,0,1
23,1,1,1,3,3,3,0,3,0,0,3,0,1,2,0,3,0,1
13,2,1,2,0,1,2,0,2,0,0,0,0,2,1,0,2,0,1
24,1,4,1,2,1,3,0,4,0,0,1,2,5,0,0,4,0,1
51,2,4,2,2,4,5,0,9,0,0,7,1,6,6,0,8,0,1
22,1,4,1,0,0,2,0,6,0,0,4,0,3,0,0,3,0,1
17,1,1,1,1,1,2,0,1,0,0,2,3,6,0,0,2,0,1
12,1,1,1,1,1,2,0,2,0,0,1,0,1,0,0,2,0,1
22,2,3,2,1,0,4,0,3,0,0,1,3,5,1,0,1,0,1
7,3,0,3,0,1,1,0,1,0,0,0,0,4,0,0,0,0,1
11,1,1,1,1,1,1,0,1,0,0,0,2,1,0,0,2,0,1
31,2,5,2,1,1,6,0,6,0,0,2,0,3,1,0,2,0,1
11,1,0,1,3,0,1,0,1,0,0,0,0,1,2,0,1,0,1
34,2,5,2,2,0,5,0,7,1,0,4,1,3,0,0,4,0,1
8,2,0,2,1,0,1,0,2,0,0,0,0,1,0,0,1,0,1
7,1,0,1,1,0,1,0,0,0,0,0,1,2,1,0,1,0,1
16,2,1,2,0,1,4,0,4,0,0,0,0,2,0,0,1,0,1
11,0,1,0,0,0,2,0,2,1,0,0,0,1,1,0,3,0,1
20,1,2,1,1,1,3,0,2,0,0,3,0,2,0,0,5,0,1
99,6,13,6,3,4,17,0,20,1,0,5,4,11,2,0,13,0,1
9,2,0,2,1,1,2,0,2,0,0,0,0,3,0,0,1,0,1
19,3,2,3,2,2,2,0,2,0,0,2,1,3,0,0,3,0,1
11,2,1,2,1,1,2,0,3,0,0,0,0,2,0,0,1,0,1
15,2,2,2,1,0,3,0,3,0,0,0,2,1,1,0,1,0,1
33,1,5,1,1,2,3,0,8,0,0,1,0,5,0,0,6,0,1
20,0,3,0,0,1,4,0,5,0,0,1,0,2,2,0,3,0,1
20,2,4,2,1,0,4,0,4,1,0,1,1,2,1,0,1,0,1
13,0,0,0,0,0,5,0,5,0,0,0,0,5,0,0,2,0,1
9,1,0,1,2,0,0,0,2,0,0,1,0,1,1,0,2,0,1
12,1,1,1,0,1,2,0,2,0,0,0,2,2,0,0,1,0,1
33,6,2,6,2,0,3,0,4,1,0,3,1,6,3,0,6,0,1
31,1,4,1,1,3,5,0,6,1,0,1,1,7,2,0,4,0,1
25,2,3,2,1,0,4,0,8,0,0,3,0,4,1,0,2,0,1
16,1,4,1,0,1,2,0,2,1,0,2,2,3,0,0,1,0,1
33,2,5,2,0,1,6,0,6,0,0,4,0,2,1,0,6,0,1
7,3,1,3,0,1,0,0,1,0,0,0,0,2,0,0,0,0,1
7,2,0,2,1,1,1,0,1,0,0,0,0,2,0,0,0,0,1
19,0,3,0,1,0,2,0,3,0,0,2,0,1,2,0,3,0,1
14,2,2,2,2,0,1,0,2,0,0,0,0,2,2,0,1,0,1